Id,Label,Id_class,MBI,MNDWI,NDVI,SAVI
0,Vegetation,3,0.05976220000,-0.31962600000,0.60330300000,0.94859300000
0,Vegetation,3,0.10290400000,-0.35882800000,0.63338100000,0.98742900000
0,Vegetation,3,0.06544280000,-0.28092000000,0.59535200000,0.92525600000
0,Vegetation,3,0.02968920000,-0.26815500000,0.61432700000,0.94764900000
0,Vegetation,3,0.05831400000,-0.31702200000,0.57545100000,0.92137400000
0,Vegetation,3,0.03383150000,-0.29116500000,0.59893000000,0.96046000000
0,Vegetation,3,0.06360640000,-0.32386400000,0.60385100000,0.93360400000
0,Vegetation,3,0.09180840000,-0.26067100000,0.51505300000,0.81391400000
0,Vegetation,3,0.07806400000,-0.34943300000,0.63985200000,0.94806400000
0,Vegetation,3,0.09267330000,-0.32258100000,0.63043100000,0.94059700000
0,Vegetation,3,0.10078200000,-0.32407900000,0.57695100000,0.90635900000
0,Vegetation,3,0.06718860000,-0.32997400000,0.63917900000,0.97147800000
0,Vegetation,3,0.07687250000,-0.31469900000,0.57782400000,0.92703500000
0,Vegetation,3,0.05685190000,-0.24378100000,0.59225700000,0.90775700000
0,Vegetation,3,0.08448840000,-0.32948300000,0.57839400000,0.92978100000
0,Vegetation,3,0.06954750000,-0.27526100000,0.56423800000,0.87058200000
0,Vegetation,3,0.11910600000,-0.35628900000,0.59685100000,0.93714200000
0,Vegetation,3,0.07492060000,-0.32549400000,0.63744100000,0.96940100000
0,Vegetation,3,0.10647800000,-0.32103800000,0.59814600000,0.92141700000
0,Vegetation,3,0.05710000000,-0.29759100000,0.61755900000,0.92509700000
0,Vegetation,3,0.11377000000,-0.34427800000,0.60167300000,0.91688500000
0,Vegetation,3,0.02204590000,-0.27878000000,0.65424600000,0.98569200000
0,Vegetation,3,0.07025950000,-0.31905400000,0.61776100000,0.93470600000
0,Vegetation,3,0.04183600000,-0.28173500000,0.64050000000,0.96650200000
0,Vegetation,3,0.09145750000,-0.33480500000,0.60916400000,0.91523700000
0,Vegetation,3,0.06646930000,-0.31003500000,0.58378600000,0.95823300000
0,Vegetation,3,0.04205100000,-0.31251400000,0.65782000000,1.01616000000
0,Vegetation,3,0.05600740000,-0.32627900000,0.64072700000,0.98647800000
0,WaterBody,4,0.16889200000,0.00181159000,0.01086440000,0.03558970000
0,WaterBody,4,0.16810100000,0.00320954000,0.00573614000,0.02467690000
0,WaterBody,4,0.16067100000,0.04215560000,0.01092900000,0.03033030000
0,WaterBody,4,0.16342100000,0.10728900000,0.00636943000,0.02035740000
0,WaterBody,4,0.16544100000,0.02775290000,0.00512343000,0.02924110000
0,WaterBody,4,0.16547700000,0.05048790000,0.01940040000,0.03976630000
0,WaterBody,4,0.16749200000,0.07109010000,0.00889097000,0.01746220000
0,WaterBody,4,0.01789400000,0.51255100000,-0.19639500000,-0.25189400000
0,WaterBody,4,0.12955200000,0.37738000000,-0.23945500000,-0.28054600000
0,WaterBody,4,0.16738500000,0.29917900000,-0.21148500000,-0.29720700000
0,Cloud,5,0.09892730000,0.34808700000,-0.00786838000,-0.09617480000
0,Cloud,5,0.12681600000,0.16506400000,0.00136302000,0.01360130000
0,Cloud,5,0.09933800000,0.29092500000,-0.02778650000,-0.04141820000
0,Cloud,5,0.11084200000,0.25278600000,0.00038095200,-0.03158660000
0,Cloud,5,0.10536400000,0.26596100000,-0.02264930000,-0.02465770000
0,Cloud,5,0.15047100000,0.26659500000,0.05516430000,-0.08485170000
0,Cloud,5,0.12579000000,0.25982400000,-0.00583090000,-0.05919290000
0,Cloud,5,0.10033300000,0.26653400000,-0.04750080000,-0.03666320000
0,Cloud,5,0.12976400000,0.14929100000,-0.00824588000,0.02309560000
0,Cloud,5,0.11343800000,0.26965500000,-0.00731962000,-0.05369840000
0,Cloud,5,0.13787000000,0.08705670000,0.01271370000,0.01828720000
0,Cloud,5,0.13181600000,0.10384700000,0.00156617000,0.01232290000
0,Bareland,1,0.03938310000,0.08925410000,0.19985100000,0.32962000000
0,BuiltUp,2,0.14554000000,0.12187900000,-0.02581420000,-0.02061200000
0,BuiltUp,2,0.14624900000,0.07805600000,-0.02750000000,0.03076980000
0,BuiltUp,2,0.15484400000,0.09386150000,-0.02556820000,-0.00059349100
0,BuiltUp,2,0.17315000000,0.03882670000,-0.01704550000,0.02886230000
0,BuiltUp,2,0.16273900000,0.00550293000,-0.01908710000,0.04935950000
0,BuiltUp,2,0.14406800000,0.09552430000,-0.01459430000,0.00359142000
0,Vegetation,3,0.07774390000,-0.27181200000,0.61861000000,0.89510000000
0,Vegetation,3,0.09254050000,-0.26648300000,0.49565200000,0.81316100000
0,Vegetation,3,0.04139680000,-0.28493700000,0.60878000000,0.96465400000
0,Vegetation,3,0.11325400000,-0.34308200000,0.58323300000,0.92066600000
0,Vegetation,3,0.08522540000,-0.28878000000,0.61630500000,0.89314200000
0,Vegetation,3,0.08975950000,-0.32325600000,0.61200000000,0.92815300000
0,Vegetation,3,0.08309100000,-0.28081400000,0.57339600000,0.88265600000
0,Vegetation,3,0.07175260000,-0.27846900000,0.59723300000,0.92443300000
0,Vegetation,3,0.09795920000,-0.29805600000,0.56023200000,0.87371200000
0,Vegetation,3,0.09200550000,-0.30448000000,0.52349000000,0.87888400000
0,Vegetation,3,-0.02230030000,-0.18141600000,0.58695200000,0.92279600000
0,Vegetation,3,0.08845510000,-0.34213900000,0.61698000000,0.97258200000
0,Vegetation,3,0.07727740000,-0.30791000000,0.58069800000,0.90388800000
0,Vegetation,3,0.05218140000,-0.31970400000,0.61557500000,0.97079300000
0,Vegetation,3,0.02839840000,-0.19768200000,0.51237100000,0.85213100000
0,Vegetation,3,0.05509530000,-0.32443800000,0.60317700000,0.97702700000
0,Vegetation,3,0.02803590000,-0.29444200000,0.63917000000,0.98132500000
0,Vegetation,3,0.03502660000,-0.24886400000,0.62603600000,0.95789500000
0,Vegetation,3,0.03760720000,-0.29015700000,0.64392100000,1.00187000000
0,Vegetation,3,0.04031120000,-0.31691700000,0.63461300000,0.97077800000
0,Vegetation,3,0.03475410000,-0.31458800000,0.66337800000,1.01093000000
0,Vegetation,3,0.07511940000,-0.31106200000,0.61453800000,0.93876700000
0,Vegetation,3,0.06638450000,-0.32512100000,0.58334800000,0.95430000000
0,Vegetation,3,0.06292650000,-0.31658800000,0.55976400000,0.93945800000
0,Vegetation,3,0.06195800000,-0.31351400000,0.62988800000,0.98539400000
0,Vegetation,3,0.07556890000,-0.33416300000,0.61901500000,0.94697900000
0,WaterBody,4,0.18932700000,0.20103100000,-0.16267100000,-0.24737000000
0,WaterBody,4,0.20177800000,0.21852800000,-0.22546900000,-0.35012000000
0,WaterBody,4,0.20834800000,0.25478900000,-0.27510500000,-0.43213300000
0,WaterBody,4,0.11449100000,0.39699200000,-0.24665600000,-0.24145200000
0,WaterBody,4,0.09995940000,0.45167900000,-0.19760500000,-0.29361100000
0,WaterBody,4,0.24418600000,0.17916800000,-0.21106100000,-0.30125900000
0,WaterBody,4,0.19094400000,0.22262500000,-0.18143500000,-0.28854700000
0,Cloud,5,0.12988300000,0.18906600000,-0.04891540000,-0.05584460000
0,Cloud,5,0.13261800000,0.15671600000,-0.01922290000,-0.02544620000
0,Cloud,5,0.15355700000,0.01639340000,0.05683140000,0.10138800000
0,Cloud,5,0.15081500000,0.06400840000,0.02262220000,0.03276970000
0,Cloud,5,0.13312100000,0.17069200000,-0.05157940000,-0.04860110000
0,Cloud,5,0.13251800000,0.17805100000,-0.02898010000,-0.04007670000
0,Cloud,5,0.12562300000,0.21110900000,0.00000000000,-0.02889840000
0,Cloud,5,0.12427100000,0.15991000000,0.01855510000,0.02519380000
0,Cloud,5,0.14155700000,0.17285700000,-0.00224517000,-0.00353702000
0,Cloud,5,0.12875800000,0.17527800000,-0.00589970000,-0.02306160000
0,Cloud,5,0.12518600000,0.15786700000,-0.01315270000,-0.00450047000
0,Cloud,5,0.13009600000,0.12939300000,-0.01496600000,0.01897100000
0,Cloud,5,0.11944300000,0.11473900000,-0.02413340000,0.04746710000
0,Cloud,5,0.13024600000,0.12990800000,0.01634240000,0.04238030000
0,Cloud,5,0.12430300000,0.08591780000,0.01835290000,0.07448150000
0,Cloud,5,0.14345300000,0.01750770000,0.06653520000,0.12395900000
0,Cloud,5,0.14914800000,0.05655340000,0.03154660000,0.05163640000
0,Cloud,5,0.11808300000,0.14659400000,-0.03201660000,0.03143380000
0,Cloud,5,0.12858100000,0.06053150000,0.04425320000,0.10175500000
0,Cloud,5,0.11836900000,-0.03773740000,0.09952900000,0.22932500000
0,Cloud,5,0.13057600000,0.00509198000,0.07309290000,0.11204900000
0,Cloud,5,0.13924300000,0.07752350000,0.01768630000,0.00376648000
0,Cloud,5,0.14332600000,0.04580090000,0.07869360000,0.08030980000
0,Cloud,5,0.13301500000,0.16631300000,-0.02231240000,-0.02178780000
0,Bareland,1,0.28624400000,-0.35982600000,0.12311300000,0.23757400000
0,Bareland,1,0.26440700000,-0.17604200000,0.13282700000,0.19392700000
0,Bareland,1,0.16806300000,-0.03886430000,0.14730500000,0.22527400000
0,Bareland,1,0.12775700000,0.00000000000,0.11480700000,0.23121900000
0,Bareland,1,0.14644200000,-0.07877930000,0.22369700000,0.32509700000
0,Bareland,1,0.15619400000,-0.12864700000,0.15010600000,0.33014800000
0,Bareland,1,0.21221400000,-0.22743200000,0.22659100000,0.41249600000
0,Bareland,1,0.19303600000,-0.06643810000,0.09738720000,0.17698800000
0,Bareland,1,0.22737900000,-0.38576400000,0.30429400000,0.56468500000
0,Bareland,1,0.17031400000,-0.10488800000,0.13960600000,0.28645100000
0,Bareland,1,0.07556040000,0.12019900000,0.05457600000,0.08991740000
0,Bareland,1,0.09397510000,0.04122620000,0.08446640000,0.19020500000
0,Bareland,1,0.20441300000,-0.11625900000,0.08091830000,0.15186400000
0,Bareland,1,0.11498200000,0.10004300000,0.01811130000,0.03665480000
0,Bareland,1,0.13045900000,0.08491230000,0.02087830000,0.02825660000
0,Bareland,1,0.07027030000,-0.01271900000,0.19520500000,0.37396700000
0,Bareland,1,0.10362000000,-0.00389307000,0.11860200000,0.25302600000
0,Bareland,1,0.08148860000,-0.02621920000,0.16466200000,0.32327000000
0,Bareland,1,0.23742000000,-0.24150900000,0.18034200000,0.30505100000
0,Bareland,1,0.10890800000,0.05327250000,0.11039500000,0.17462400000
0,Bareland,1,0.14291800000,-0.04429680000,0.12277400000,0.20284900000
0,Bareland,1,0.20199000000,-0.27711700000,0.25683900000,0.46534500000
0,Bareland,1,0.22486700000,-0.28703700000,0.23903400000,0.42598800000
0,Bareland,1,0.24001100000,-0.30045200000,0.16801900000,0.35435400000
0,Bareland,1,0.21159500000,-0.20137900000,0.01490890000,0.08117860000
0,Bareland,1,0.23481100000,-0.20803100000,-0.00557828000,0.03889040000
0,Bareland,1,0.22790000000,-0.19541100000,0.00299320000,0.03788990000
0,Bareland,1,0.22321500000,-0.20614300000,-0.01816180000,0.01367420000
0,Bareland,1,0.26141000000,-0.33360500000,0.15283600000,0.26616600000
0,Bareland,1,0.25534300000,-0.33405000000,0.20997900000,0.36537800000
0,Bareland,1,0.26336200000,-0.33656000000,0.16256200000,0.34560000000
0,Bareland,1,0.21306000000,-0.37087700000,0.28993300000,0.61874300000
0,Bareland,1,0.24811500000,-0.32325500000,0.19580000000,0.37935200000
0,Bareland,1,0.23682400000,-0.33664400000,0.30437600000,0.48184800000
0,Bareland,1,0.26981000000,-0.31598100000,0.12399400000,0.22072200000
0,Bareland,1,0.27506700000,-0.35100500000,0.18013700000,0.32335500000
0,Bareland,1,0.25071600000,-0.32342900000,0.13905700000,0.30399700000
0,Bareland,1,0.13484300000,-0.08923330000,0.23107700000,0.35563200000
0,Bareland,1,0.08783400000,0.00096618400,0.04828150000,0.31165300000
0,Bareland,1,0.20687100000,-0.13077400000,0.11713000000,0.24454400000
0,Bareland,1,0.13774000000,-0.07902440000,0.14381800000,0.33379000000
0,Bareland,1,0.11626400000,0.00866824000,0.10562200000,0.21346100000
0,Bareland,1,0.21127700000,-0.22191100000,0.19541200000,0.36641700000
0,Bareland,1,0.18375600000,-0.14349200000,0.17485300000,0.31347100000
0,Bareland,1,0.24674500000,-0.35312000000,0.22930400000,0.42549400000
0,Bareland,1,0.21595100000,-0.35026400000,0.28466200000,0.59265400000
0,Bareland,1,0.26309000000,-0.34294000000,0.17424200000,0.31496600000
0,Bareland,1,0.23630600000,-0.28638700000,0.15751900000,0.37421600000
0,Bareland,1,0.22861800000,-0.29033400000,0.14727200000,0.41632400000
0,Vegetation,3,0.05549080000,-0.33832800000,0.63000300000,0.98747700000
0,Vegetation,3,0.14360200000,-0.34522000000,0.54042200000,0.82907300000
0,Vegetation,3,0.06394590000,-0.33640400000,0.63378600000,0.99214800000
0,Vegetation,3,0.06600620000,-0.32693100000,0.65424800000,1.00760000000
0,Vegetation,3,0.04857240000,-0.37063200000,0.68991800000,1.05451000000
0,Vegetation,3,0.06166800000,-0.34600000000,0.63939500000,0.98540000000
0,Vegetation,3,0.05909540000,-0.28468100000,0.60496700000,0.96437300000
0,Vegetation,3,0.06934890000,-0.31597100000,0.62140300000,0.94854800000
0,Vegetation,3,0.10451600000,-0.32004900000,0.58526500000,0.90657500000
0,Vegetation,3,0.09181850000,-0.28146600000,0.58391400000,0.91332500000
0,Vegetation,3,0.07928250000,-0.36638900000,0.61187100000,0.95931700000
0,Vegetation,3,0.10563700000,-0.35550100000,0.56064600000,0.90599500000
0,Vegetation,3,0.06258790000,-0.33541100000,0.64390200000,0.99950100000
0,Vegetation,3,0.08083390000,-0.35165400000,0.59374400000,0.95276600000
0,Vegetation,3,0.08735540000,-0.35340100000,0.63850900000,0.95891900000
0,Vegetation,3,0.06460990000,-0.33461900000,0.64968900000,0.97240600000
0,Vegetation,3,0.06078970000,-0.34065400000,0.64226900000,0.98943000000
0,Vegetation,3,0.06679300000,-0.33501100000,0.62787700000,0.98537400000
0,Vegetation,3,0.05570640000,-0.30026900000,0.63296100000,0.95943100000
0,Vegetation,3,0.10088100000,-0.33111300000,0.56889100000,0.90763100000
0,Vegetation,3,0.07278130000,-0.33748700000,0.65739300000,1.00924000000
0,Vegetation,3,0.07632330000,-0.32291400000,0.60509100000,0.92015400000
0,Vegetation,3,0.08924920000,-0.31934400000,0.58913200000,0.89982700000
0,Vegetation,3,0.11824500000,-0.30600900000,0.56167700000,0.86096600000
0,Vegetation,3,0.07464900000,-0.34257300000,0.61582100000,0.96431000000
0,Vegetation,3,0.06106760000,-0.35339400000,0.63379400000,0.99246500000
0,Vegetation,3,0.08811820000,-0.33018200000,0.61226200000,0.94416600000
0,Vegetation,3,0.04929850000,-0.33601900000,0.65964500000,1.00424000000
0,Vegetation,3,0.07974120000,-0.34249700000,0.64247600000,0.98886100000
0,Vegetation,3,0.09973280000,-0.35784100000,0.58473500000,0.94489000000
0,Vegetation,3,0.06498860000,-0.33819400000,0.63720300000,0.98319900000
0,Vegetation,3,0.08265760000,-0.31157400000,0.64265000000,0.97338700000
0,Vegetation,3,0.07504310000,-0.32772700000,0.62537300000,0.96989500000
0,Vegetation,3,0.07191200000,-0.34692900000,0.63267900000,0.98193600000
0,Vegetation,3,0.07066950000,-0.33416100000,0.62384100000,0.94681800000
0,Vegetation,3,0.04893950000,-0.33097400000,0.65701300000,1.00153000000
0,Vegetation,3,0.06122550000,-0.32373000000,0.63864900000,0.97577000000
0,Vegetation,3,0.06296880000,-0.32282000000,0.63382900000,0.97676500000
0,Vegetation,3,0.08010940000,-0.33426500000,0.62510200000,0.96213600000
0,Vegetation,3,0.05752850000,-0.33006900000,0.60602900000,0.96740000000
0,Vegetation,3,0.08274110000,-0.34900100000,0.62421800000,0.95365600000
0,Vegetation,3,0.09040080000,-0.34885800000,0.56069400000,0.92622900000
0,Vegetation,3,0.05394940000,-0.26753100000,0.56876700000,0.89560700000
0,Vegetation,3,0.03741050000,-0.29602500000,0.60464300000,0.95183400000
0,Vegetation,3,0.06463750000,-0.31744000000,0.60633200000,0.94109600000
0,Vegetation,3,0.14593600000,-0.30928100000,0.49368000000,0.80405600000
0,Vegetation,3,0.13395900000,-0.31591800000,0.54480100000,0.84003800000
0,Vegetation,3,0.06439240000,-0.30868200000,0.61638100000,0.95597300000
0,Vegetation,3,0.04275800000,-0.33713400000,0.63925700000,0.99058600000
0,Vegetation,3,0.06890800000,-0.32431800000,0.61694900000,0.95183600000
0,Vegetation,3,0.08296500000,-0.35575800000,0.61290300000,0.96200400000
0,Vegetation,3,0.05243880000,-0.30385400000,0.62549800000,0.95210000000
0,Vegetation,3,0.09485630000,-0.31534300000,0.62308000000,0.90598600000
0,Vegetation,3,0.07387370000,-0.33135600000,0.63414300000,0.95664200000
0,Vegetation,3,0.06828290000,-0.30101800000,0.61437400000,0.93712500000
0,Vegetation,3,0.08870000000,-0.27541500000,0.52954900000,0.84487600000
0,Vegetation,3,0.06770950000,-0.30173100000,0.58165800000,0.91102600000
0,Vegetation,3,0.03404420000,-0.25929800000,0.61219600000,0.93024600000
0,Vegetation,3,0.05704270000,-0.31428600000,0.62827100000,0.96289500000
0,Vegetation,3,0.02420460000,-0.24956200000,0.61030800000,0.94467200000
0,WaterBody,4,0.17374800000,0.04925050000,0.01310860000,0.01820300000
0,WaterBody,4,0.16860500000,0.07332800000,-0.01496480000,0.01448320000
0,WaterBody,4,0.18947900000,0.28109400000,-0.12288500000,-0.20049000000
0,WaterBody,4,0.17100200000,0.12993500000,-0.00810811000,0.00266845000
0,WaterBody,4,0.17711200000,0.23763400000,-0.06691110000,-0.08478410000
0,WaterBody,4,0.17761600000,0.12386900000,-0.01251740000,-0.01250870000
0,WaterBody,4,0.16276300000,0.09403760000,0.00314324000,0.02291080000
0,Cloud,5,0.10656700000,0.31552100000,-0.04489340000,-0.11130600000
0,Cloud,5,0.11556500000,0.26207000000,-0.01910830000,-0.05334960000
0,Cloud,5,0.12806500000,0.16480700000,-0.00428082000,0.01145130000
0,Cloud,5,0.13142900000,0.14340800000,0.04484850000,0.02576010000
0,Cloud,5,0.12995400000,0.22336200000,-0.01904390000,-0.05918930000
0,Cloud,5,0.13459100000,0.13739600000,0.00243987000,0.01702440000
0,Cloud,5,0.12572300000,0.11961000000,0.00575476000,0.04707600000
0,Cloud,5,0.10981800000,0.22446100000,-0.01930260000,-0.02075750000
0,Cloud,5,0.12186800000,0.19625200000,-0.03208350000,0.00115933000
0,Cloud,5,0.11512300000,0.18499200000,-0.02413060000,0.00639462000
0,Cloud,5,0.12179700000,0.20540600000,-0.02290580000,-0.00973339000
0,Cloud,5,0.12353200000,0.15545900000,0.01162000000,0.01306560000
0,Cloud,5,0.12726300000,0.14590700000,-0.04461110000,0.01135480000
0,Cloud,5,0.12808900000,0.12917300000,0.03393840000,0.04136990000
0,Cloud,5,0.13462400000,0.12492300000,-0.00038066200,0.01688890000
0,Cloud,5,0.11705100000,0.17810600000,-0.00974989000,0.02402500000
0,Cloud,5,0.12371200000,0.30099700000,0.00569715000,-0.10681900000
0,Cloud,5,0.11206100000,0.17587100000,-0.01453830000,0.03352910000
0,Cloud,5,0.12698200000,0.16997500000,0.00758874000,0.01884620000
0,Cloud,5,0.12408300000,0.21091100000,0.01055250000,-0.03820660000
0,Cloud,5,0.13329100000,0.24247500000,-0.01221370000,-0.08485180000
0,Cloud,5,0.15938000000,0.08609980000,0.03970790000,0.00989211000
0,Cloud,5,0.13249600000,0.12382700000,-0.00526462000,0.00569928000
0,Cloud,5,0.16169600000,0.06006200000,0.03468780000,0.04421450000
0,Cloud,5,0.16056200000,-0.02362540000,0.07389720000,0.12632000000
0,Cloud,5,0.16183400000,-0.02778680000,0.05189410000,0.12391900000
0,Cloud,5,0.16284100000,-0.03808670000,0.05812060000,0.13057100000
0,Cloud,5,0.09863500000,0.19320700000,-0.02340090000,0.03498360000
0,Cloud,5,0.13108500000,0.22363700000,-0.00899604000,-0.03398240000
0,Cloud,5,0.12003900000,0.15145700000,-0.00178412000,0.03008060000
0,Cloud,5,0.11809600000,0.18153500000,-0.01859710000,0.00191110000
0,Cloud,5,0.08134270000,0.17695100000,-0.02858840000,0.08487960000
0,Cloud,5,0.12439200000,0.12243800000,0.00256881000,0.04855910000
0,Cloud,5,0.12648100000,0.16644100000,-0.00069108500,-0.00628353000
0,Cloud,5,0.13234900000,0.12324700000,0.05666000000,0.06855270000
0,Cloud,5,0.11607000000,0.10054100000,0.01105850000,0.08815770000
0,Cloud,5,0.14640600000,0.21085400000,0.00897022000,-0.04188740000
0,Cloud,5,0.11641800000,0.16724000000,-0.00326223000,0.03288750000
0,Cloud,5,0.13309800000,0.15026500000,-0.01466910000,-0.00675417000
0,Cloud,5,0.14162600000,0.18298300000,-0.02366220000,-0.04110060000
0,Cloud,5,0.12244600000,0.20817900000,-0.05348680000,-0.05348530000
0,Cloud,5,0.13192000000,0.20200700000,-0.02625910000,-0.03298010000
0,Cloud,5,0.16092800000,0.06156530000,0.03022830000,0.03090470000
0,Cloud,5,0.13023000000,0.25264600000,-0.01837270000,-0.14719100000
0,Cloud,5,0.12141000000,0.20107400000,-0.00134953000,-0.02371670000
0,Cloud,5,0.13199600000,0.15025700000,0.01050340000,0.01155400000
0,Cloud,5,0.14167300000,0.02032210000,0.07318360000,0.15774700000
0,Cloud,5,0.13169400000,0.07344550000,0.03486340000,0.08847040000
0,Cloud,5,0.14332800000,0.05810710000,-0.01018850000,0.04652790000
0,Cloud,5,0.13784700000,0.06535450000,0.04541750000,0.07072360000
0,Cloud,5,0.13293100000,0.17240100000,-0.02178030000,-0.01112250000
0,Cloud,5,0.14563000000,0.14921500000,-0.01950350000,-0.04225700000
0,Cloud,5,0.15722000000,0.04736620000,0.04555680000,0.08466380000
0,Cloud,5,0.13420700000,0.15533400000,-0.01383650000,-0.00717355000
0,Cloud,5,0.14051300000,0.03298640000,0.07482990000,0.12502100000
0,Cloud,5,0.15318600000,0.14751700000,0.00246238000,-0.05022310000
0,Cloud,5,0.14081800000,0.06727010000,-0.00356849000,0.05000160000
0,Bareland,1,0.25347700000,-0.37304600000,0.28330300000,0.46869500000
0,Bareland,1,0.23202500000,-0.36011600000,0.30824600000,0.51553300000
0,Bareland,1,0.27398100000,-0.38942000000,0.25953200000,0.40562300000
0,Bareland,1,0.26897000000,-0.36130100000,0.17297100000,0.32924500000
0,Bareland,1,0.26161700000,-0.35704000000,0.19621900000,0.34503200000
0,Bareland,1,0.27566900000,-0.39117600000,0.16906100000,0.35156800000
0,Bareland,1,0.27942300000,-0.34946400000,0.13842400000,0.24777400000
0,Bareland,1,0.23986600000,-0.34372600000,0.32561100000,0.48701800000
0,Bareland,1,0.25577600000,-0.37444400000,0.17107700000,0.38458200000
0,Bareland,1,0.26746800000,-0.37017500000,0.21846000000,0.39949900000
0,Bareland,1,0.26874700000,-0.35832500000,0.17306600000,0.33059700000
0,Bareland,1,0.26581300000,-0.35576000000,0.19929100000,0.36301800000
0,Bareland,1,0.26616700000,-0.36519200000,0.26870500000,0.37722600000
0,Bareland,1,0.26784200000,-0.36280600000,0.19660100000,0.33600200000
0,Bareland,1,0.28828000000,-0.37156700000,0.17002700000,0.31418500000
0,Bareland,1,0.27165200000,-0.33870500000,0.14766500000,0.29113800000
0,Bareland,1,0.17785400000,-0.05835650000,0.09746740000,0.22910300000
0,Bareland,1,0.13165100000,0.02722710000,0.10665500000,0.17386900000
0,Bareland,1,0.16689000000,0.04115520000,0.04543520000,0.06346340000
0,Bareland,1,0.25031200000,-0.37046000000,0.30480000000,0.45298500000
0,Bareland,1,0.26916800000,-0.39465900000,0.24624800000,0.41189900000
0,Bareland,1,0.26496700000,-0.35458100000,0.18548400000,0.33626700000
0,Bareland,1,0.24627100000,-0.34346400000,0.22570800000,0.42838300000
0,Bareland,1,0.19386400000,0.03561390000,-0.02631580000,-0.00067712400
0,Bareland,1,0.04131980000,0.25468300000,-0.01269970000,-0.01566250000
0,Bareland,1,0.07394080000,0.11000900000,0.05696050000,0.13583000000
0,Bareland,1,0.10134900000,0.04875090000,0.09295990000,0.19032300000
0,Bareland,1,0.14517100000,-0.05489720000,0.11332500000,0.22055800000
0,Bareland,1,0.20639700000,-0.11452800000,0.07477400000,0.13937300000
0,Bareland,1,0.08083830000,0.08662900000,0.08763390000,0.13162600000
0,Bareland,1,0.02878560000,0.26443000000,0.00614035000,-0.01712370000
0,Bareland,1,0.07924180000,0.07202120000,0.19722800000,0.27598900000
0,Bareland,1,0.14385100000,-0.03894390000,0.14046600000,0.24547100000
0,Bareland,1,0.03714710000,0.24510600000,-0.00151976000,0.02229330000
0,Bareland,1,0.06399050000,0.18301700000,0.03753990000,0.08324220000
0,Bareland,1,0.17237600000,-0.04544490000,0.11356100000,0.20145800000
0,Bareland,1,0.15173900000,-0.16177500000,0.23949400000,0.40776100000
0,Bareland,1,-0.01341000000,0.41519600000,-0.10892500000,-0.20693300000
0,Bareland,1,0.27087100000,-0.34051300000,0.17531200000,0.33007900000
0,Bareland,1,0.27665500000,-0.37791600000,0.17639700000,0.36282400000
0,Bareland,1,0.28498700000,-0.40707000000,0.21468300000,0.39147900000
0,Bareland,1,0.23163900000,-0.35571100000,0.34571100000,0.50755900000
0,Bareland,1,0.25289800000,-0.36461300000,0.24185600000,0.43026200000
0,Bareland,1,0.12095800000,0.10974200000,0.09143130000,0.03182920000
0,Bareland,1,0.16086500000,-0.15852200000,0.13186800000,0.46741400000
0,Bareland,1,0.27862100000,-0.37703200000,0.19672100000,0.36858500000
0,Bareland,1,0.18120000000,-0.11380500000,0.13130700000,0.25483000000
0,Bareland,1,0.23058000000,-0.34067700000,0.24163100000,0.47234600000
0,Bareland,1,0.22255300000,-0.35385100000,0.31652000000,0.52938500000
0,Bareland,1,0.14455200000,-0.03128370000,0.09257230000,0.24264500000
0,Bareland,1,0.18387800000,-0.06987080000,0.11404100000,0.19101500000
0,Bareland,1,0.26338500000,-0.17921700000,0.05745640000,0.10102800000
0,Bareland,1,0.18098300000,-0.06416210000,0.12538000000,0.22157700000
0,Bareland,1,0.02284560000,0.30425900000,-0.05429070000,-0.09715620000
0,Bareland,1,0.02558940000,0.30175700000,-0.03625050000,-0.08809850000
0,Bareland,1,0.02502260000,0.19922800000,0.05340560000,0.10801300000
0,Bareland,1,0.00010308600,0.37166500000,-0.03443060000,-0.08869370000
0,BuiltUp,2,0.24808900000,-0.36053200000,0.11370300000,0.29021700000
0,BuiltUp,2,0.20992600000,-0.32495800000,0.11682700000,0.37573300000
0,BuiltUp,2,0.21487800000,-0.32819800000,0.24359400000,0.48957500000
0,BuiltUp,2,0.25953000000,-0.37376900000,0.08291030000,0.25418300000
0,BuiltUp,2,0.21401300000,-0.18663700000,0.01142710000,0.14434800000
0,BuiltUp,2,0.24698800000,-0.38029200000,0.24094200000,0.42054400000
0,BuiltUp,2,0.28425300000,-0.43251900000,0.12520900000,0.31726700000
0,BuiltUp,2,0.23863100000,-0.38076100000,0.08286250000,0.36942500000
0,BuiltUp,2,0.22722100000,-0.39937500000,0.37186900000,0.51979200000
0,BuiltUp,2,0.19688100000,-0.14675900000,0.13402700000,0.24710300000
0,BuiltUp,2,0.22873600000,-0.22614800000,0.05369650000,0.14071800000
0,BuiltUp,2,0.23930900000,-0.28514800000,0.11423300000,0.29653400000
0,BuiltUp,2,0.18336800000,0.01338070000,-0.01252010000,0.03841380000
0,BuiltUp,2,0.20898700000,-0.11032000000,-0.02939170000,0.11957800000
0,BuiltUp,2,0.23357400000,-0.40242700000,0.26859400000,0.44380900000
0,BuiltUp,2,0.26179100000,-0.39612500000,0.12912400000,0.32010900000
0,BuiltUp,2,0.27178700000,-0.44354400000,0.12966100000,0.31399300000
0,BuiltUp,2,0.19407700000,-0.04373740000,0.05303350000,0.07126000000
0,BuiltUp,2,0.23685200000,-0.31602400000,0.12028100000,0.26128800000
0,BuiltUp,2,0.24646600000,-0.42739300000,0.10677800000,0.23498000000
0,BuiltUp,2,0.20622800000,0.00992399000,-0.03034530000,-0.06128360000
0,BuiltUp,2,0.23208200000,-0.38053700000,0.18877800000,0.44020400000
0,BuiltUp,2,0.26335900000,-0.44230800000,0.12700300000,0.28976200000
0,BuiltUp,2,0.25866300000,-0.37228300000,0.11576500000,0.27706200000
0,BuiltUp,2,0.24760700000,-0.40746800000,0.14791500000,0.37968300000
0,BuiltUp,2,0.26125300000,-0.33309100000,0.06145710000,0.16245100000
0,BuiltUp,2,0.24232100000,-0.38338700000,0.18350500000,0.40634800000
0,BuiltUp,2,0.25317500000,-0.40179800000,0.16297500000,0.32585700000
0,BuiltUp,2,0.25291400000,-0.36176300000,0.17982300000,0.31722600000
0,BuiltUp,2,0.25276300000,-0.40340000000,0.16698800000,0.37612100000
0,BuiltUp,2,0.22736800000,-0.35963500000,0.32028600000,0.38356500000
0,BuiltUp,2,0.24017600000,-0.40274800000,0.23889200000,0.41630300000
0,BuiltUp,2,0.25582000000,-0.41091300000,0.17880300000,0.35903400000
0,BuiltUp,2,0.19226000000,-0.11330900000,0.02496710000,0.06442860000
0,BuiltUp,2,0.20518400000,-0.04619260000,0.01991390000,0.02489300000
0,BuiltUp,2,0.21983400000,-0.13295100000,-0.01623080000,0.08221200000
0,BuiltUp,2,0.23736600000,-0.40378800000,0.29596800000,0.44310400000
0,BuiltUp,2,0.21684300000,-0.34354000000,0.24859500000,0.45562600000
0,BuiltUp,2,0.24622300000,-0.40081500000,0.20371100000,0.43249500000
0,BuiltUp,2,0.24792500000,-0.36255500000,0.10211900000,0.25791300000
0,BuiltUp,2,0.26499700000,-0.41868500000,0.22729200000,0.35854200000
0,BuiltUp,2,0.21901400000,-0.19086400000,0.01001580000,0.13468400000
0,BuiltUp,2,0.20726800000,-0.24727200000,0.05572350000,0.22222200000
0,BuiltUp,2,0.21352800000,-0.18543100000,-0.00055834700,0.15488600000
0,BuiltUp,2,0.28133100000,-0.39231300000,0.10936100000,0.21325000000
0,BuiltUp,2,0.26651800000,-0.27964800000,0.04080810000,0.09978900000
0,BuiltUp,2,0.17313900000,-0.03455840000,-0.04118990000,0.14984100000
0,BuiltUp,2,0.21602000000,-0.22715900000,0.13695800000,0.24052700000
0,BuiltUp,2,0.20693700000,-0.26495200000,0.09051190000,0.33753500000
0,BuiltUp,2,0.23319600000,-0.25020000000,0.17747600000,0.26080100000
0,BuiltUp,2,0.23047600000,-0.36919100000,0.32126300000,0.43876500000
0,BuiltUp,2,0.21453300000,-0.30656400000,0.12767400000,0.35139500000
0,BuiltUp,2,0.20555300000,-0.35547300000,0.17055800000,0.43957300000
0,BuiltUp,2,0.18311900000,-0.27255200000,0.19668600000,0.46332300000
0,BuiltUp,2,0.20678200000,-0.34929800000,0.30057700000,0.49502100000
0,Vegetation,3,0.10980000000,-0.29221800000,0.55834800000,0.88001000000
0,Vegetation,3,0.10267100000,-0.30002300000,0.55968700000,0.88493300000
0,Vegetation,3,0.07478250000,-0.32881000000,0.61699300000,0.94838900000
0,Vegetation,3,0.09174130000,-0.31867600000,0.61680800000,0.93304200000
0,Vegetation,3,0.08653450000,-0.32123800000,0.55615300000,0.91342900000
0,Vegetation,3,0.15345600000,-0.33083100000,0.53713200000,0.83054200000
0,Vegetation,3,0.09370970000,-0.28219400000,0.58589200000,0.90860200000
0,Vegetation,3,0.08387130000,-0.33411400000,0.61211300000,0.93781100000
0,Vegetation,3,0.08185290000,-0.33596500000,0.63934400000,0.96645800000
0,Vegetation,3,0.07252360000,-0.34023500000,0.60863200000,0.96145500000
0,Vegetation,3,0.11373300000,-0.33408800000,0.53279600000,0.88666200000
0,Vegetation,3,0.09103580000,-0.33859700000,0.62758200000,0.94733200000
0,Vegetation,3,0.07633670000,-0.34468900000,0.58022900000,0.94283600000
0,Vegetation,3,0.10706200000,-0.33941000000,0.60443300000,0.91862000000
0,Vegetation,3,0.10232100000,-0.31673800000,0.57112800000,0.88893600000
0,Vegetation,3,0.10626800000,-0.34484300000,0.59973200000,0.91580700000
0,Vegetation,3,0.07174240000,-0.31632200000,0.61295400000,0.94713000000
0,Vegetation,3,0.04418700000,-0.26850000000,0.58417200000,0.94173200000
0,Vegetation,3,0.07231570000,-0.31963000000,0.62552400000,0.96234600000
0,Vegetation,3,0.10070700000,-0.33348300000,0.62274400000,0.92687200000
0,Vegetation,3,0.09741040000,-0.32875500000,0.59541100000,0.91418500000
0,Vegetation,3,0.07090910000,-0.33977100000,0.63104400000,0.98162700000
0,Vegetation,3,0.05864320000,-0.33171000000,0.57740500000,0.95747600000
0,Vegetation,3,0.05853310000,-0.32031400000,0.60187200000,0.96196300000
0,Vegetation,3,0.09233580000,-0.33827300000,0.61148300000,0.95127300000
0,Vegetation,3,0.13084300000,-0.32031900000,0.52486200000,0.84342400000
0,Vegetation,3,0.12078700000,-0.31192900000,0.57180500000,0.86196100000
0,Vegetation,3,0.07357740000,-0.32359000000,0.62886600000,0.96765400000
0,Vegetation,3,0.08874010000,-0.33444000000,0.57275100000,0.93022500000
0,Vegetation,3,0.08268980000,-0.33563200000,0.60831700000,0.95248800000
0,Vegetation,3,0.09566000000,-0.33214600000,0.59732900000,0.94287700000
0,Vegetation,3,0.09051490000,-0.33108100000,0.58399200000,0.91354000000
0,Vegetation,3,0.07479030000,-0.32406300000,0.61555200000,0.95905700000
0,Vegetation,3,0.12375600000,-0.32642700000,0.52631600000,0.84470600000
0,Vegetation,3,0.07991980000,-0.33573500000,0.61978200000,0.96993200000
0,Vegetation,3,0.07217950000,-0.32614800000,0.61489500000,0.95111300000
0,Vegetation,3,0.10416900000,-0.31971400000,0.55625800000,0.88772000000
0,Vegetation,3,0.08330850000,-0.33834200000,0.62177400000,0.95476500000
0,Vegetation,3,0.08755150000,-0.30608400000,0.57769200000,0.92392500000
0,Vegetation,3,0.06534120000,-0.29691600000,0.58496000000,0.91511900000
0,Vegetation,3,0.09744280000,-0.30348700000,0.56580100000,0.90729800000
0,Vegetation,3,0.12612900000,-0.34087000000,0.58925300000,0.89765100000
0,Vegetation,3,0.09139580000,-0.30666700000,0.63806600000,0.96010000000
0,Vegetation,3,0.06204380000,-0.27752600000,0.59451100000,0.91614100000
0,Vegetation,3,0.07029510000,-0.34474100000,0.62344700000,0.97636400000
0,Vegetation,3,0.12705100000,-0.26233300000,0.55244300000,0.84936300000
0,Vegetation,3,0.09443360000,-0.27180800000,0.56074500000,0.88329800000
0,Vegetation,3,0.07566940000,-0.30070200000,0.59770700000,0.93424300000
0,Vegetation,3,0.06034920000,-0.30158000000,0.63161900000,0.95323100000
0,Vegetation,3,0.10101600000,-0.31444100000,0.59135400000,0.91250300000
0,Vegetation,3,0.08824700000,-0.33438800000,0.58935900000,0.95333000000
0,Vegetation,3,0.08323080000,-0.31957300000,0.60185800000,0.93931500000
0,Vegetation,3,0.08393730000,-0.29947700000,0.60408700000,0.94632700000
0,Vegetation,3,0.07389010000,-0.33380400000,0.62054000000,0.97123000000
0,Vegetation,3,0.07732170000,-0.32587500000,0.60487600000,0.94867100000
0,Vegetation,3,0.05112920000,-0.32788400000,0.63960600000,0.99602500000
0,Vegetation,3,0.07458560000,-0.34905700000,0.59748400000,0.96841500000
0,Vegetation,3,0.05758200000,-0.32376600000,0.63301600000,0.96714600000
0,Vegetation,3,0.04898380000,-0.32337100000,0.62632400000,0.98229300000
0,Vegetation,3,0.13835600000,-0.34803700000,0.53796200000,0.84784400000
0,Vegetation,3,0.07251600000,-0.32868400000,0.62065000000,0.96450700000
0,Vegetation,3,0.11626500000,-0.33939200000,0.59914500000,0.89834200000
0,Vegetation,3,0.04441310000,-0.32712800000,0.66533400000,1.02819000000
0,Vegetation,3,0.03826620000,-0.23907600000,0.56702600000,0.89635300000
0,Vegetation,3,0.08592090000,-0.29891600000,0.57691000000,0.91396500000
0,Vegetation,3,0.08348160000,-0.34280900000,0.60532800000,0.94238100000
0,Vegetation,3,0.09754270000,-0.33945400000,0.59572000000,0.92322100000
0,Vegetation,3,0.09048670000,-0.30163400000,0.58297900000,0.90748200000
0,Vegetation,3,0.08510640000,-0.31506800000,0.58999300000,0.89524100000
0,Vegetation,3,0.09304550000,-0.34985900000,0.61928000000,0.97324700000
0,Vegetation,3,0.06136210000,-0.33708400000,0.65705400000,0.99909900000
0,Vegetation,3,0.07453130000,-0.32639500000,0.63198400000,0.97195000000
0,Vegetation,3,0.09603040000,-0.35154500000,0.60108400000,0.95051100000
0,Vegetation,3,0.07907880000,-0.33241400000,0.59865300000,0.95480800000
0,Vegetation,3,0.08428120000,-0.29649800000,0.60182300000,0.92152800000
0,Vegetation,3,0.09385330000,-0.34790300000,0.63265300000,0.96566700000
0,Vegetation,3,0.10143200000,-0.28633900000,0.48566700000,0.84973100000
0,Vegetation,3,0.05272330000,-0.29372800000,0.60922700000,0.94580800000
0,Vegetation,3,0.06908540000,-0.32607600000,0.59285700000,0.95858800000
0,Vegetation,3,0.06030250000,-0.31431300000,0.62261100000,0.95981500000
0,Vegetation,3,0.05906750000,-0.33066700000,0.62656200000,0.97584000000
0,Vegetation,3,0.10735300000,-0.36647900000,0.59285600000,0.93580500000
0,Vegetation,3,0.06469020000,-0.27186200000,0.58991000000,0.90180900000
0,Vegetation,3,0.06623090000,-0.30243000000,0.62165700000,0.92708900000
0,Vegetation,3,0.07055880000,-0.33686100000,0.61057000000,0.96826500000
0,WaterBody,4,0.16628300000,0.04534210000,-0.00633179000,-0.01381620000
0,WaterBody,4,0.16608400000,0.06693880000,-0.00392842000,0.01305200000
0,WaterBody,4,0.15558600000,0.15576700000,-0.00976909000,-0.00065977600
0,WaterBody,4,0.17018300000,0.34065900000,-0.27006300000,-0.43180700000
0,WaterBody,4,0.16773200000,0.28972000000,-0.27633600000,-0.30657600000
0,WaterBody,4,0.14901600000,0.24263000000,-0.27923100000,-0.16222900000
0,WaterBody,4,0.17131200000,0.33198500000,-0.27680500000,-0.39899700000
0,WaterBody,4,0.16249200000,0.41091300000,-0.33606300000,-0.53391000000
0,WaterBody,4,0.16666700000,0.40724200000,-0.32980300000,-0.52726500000
0,WaterBody,4,0.16605300000,0.37661600000,-0.29782700000,-0.47464600000
0,WaterBody,4,0.19327000000,0.32930000000,-0.24179100000,-0.40569400000
0,WaterBody,4,0.20208400000,0.30058500000,-0.27234900000,-0.39164000000
0,WaterBody,4,0.18194500000,0.31187500000,-0.24020300000,-0.35396600000
0,WaterBody,4,0.19033400000,0.32771600000,-0.25296300000,-0.39774500000
0,WaterBody,4,0.19216600000,0.38815300000,-0.32586300000,-0.55345500000
0,WaterBody,4,0.17942900000,0.42409200000,-0.35211300000,-0.60584400000
0,WaterBody,4,0.17223800000,0.35318600000,-0.26693200000,-0.42158300000
0,WaterBody,4,0.19831500000,0.32862200000,-0.27422100000,-0.43604400000
0,WaterBody,4,0.19835700000,0.31863700000,-0.27381300000,-0.41679100000
0,WaterBody,4,0.18082600000,0.34766400000,-0.24211200000,-0.42906100000
0,WaterBody,4,0.22514300000,0.28466100000,-0.30683400000,-0.43738900000
0,WaterBody,4,0.18515400000,0.18352800000,-0.02505220000,-0.09950710000
0,WaterBody,4,0.17194800000,0.30521800000,-0.23334400000,-0.36957600000
0,WaterBody,4,0.18080500000,0.27103300000,-0.22239800000,-0.30574100000
0,WaterBody,4,0.16309900000,0.43533000000,-0.21954500000,-0.24690200000
0,WaterBody,4,0.18143700000,0.45634800000,-0.24014300000,-0.36085700000
0,WaterBody,4,0.17651200000,0.44705100000,-0.19172000000,-0.34639500000
0,WaterBody,4,0.15464400000,0.33025800000,-0.31689600000,-0.34110900000
0,WaterBody,4,0.18955000000,0.28027900000,-0.13241700000,-0.25939200000
0,WaterBody,4,0.15736400000,0.38637300000,-0.27250900000,-0.18799100000
0,WaterBody,4,0.16871500000,0.39639400000,-0.31970800000,-0.52000000000
0,WaterBody,4,0.17571800000,0.41879400000,-0.36069000000,-0.57063000000
0,WaterBody,4,0.15929500000,0.36591000000,-0.25731700000,-0.43281300000
0,WaterBody,4,0.18928700000,0.37952500000,-0.31723900000,-0.51247800000
0,WaterBody,4,0.20528600000,0.31593500000,-0.26199000000,-0.43061400000
0,WaterBody,4,0.17170400000,0.31253300000,-0.29006500000,-0.34378900000
0,WaterBody,4,0.16894200000,0.38276600000,-0.30617100000,-0.51219500000
0,WaterBody,4,0.18140000000,0.38943900000,-0.31860500000,-0.52537000000
0,WaterBody,4,0.16666700000,0.36675900000,-0.27324600000,-0.44537800000
0,WaterBody,4,0.19145000000,0.33729200000,-0.26960100000,-0.43044200000
0,WaterBody,4,0.16610200000,0.34280100000,-0.27696000000,-0.45546300000
0,WaterBody,4,0.15515400000,0.30866900000,-0.26506700000,-0.35633700000
0,WaterBody,4,0.16685300000,0.33833300000,-0.30375200000,-0.43537000000
0,WaterBody,4,0.12187300000,0.29402200000,-0.28774600000,-0.21810000000
0,WaterBody,4,0.14968500000,0.28946700000,-0.30086600000,-0.29264600000
0,WaterBody,4,0.11339900000,0.21002600000,-0.17634900000,0.01426420000
0,WaterBody,4,0.17314300000,0.34428100000,-0.27978700000,-0.47895400000
0,WaterBody,4,0.16947300000,0.25897500000,-0.30096100000,-0.29491400000
0,WaterBody,4,0.19145000000,0.32059600000,-0.26512700000,-0.47916400000
0,WaterBody,4,0.18437800000,0.33557600000,-0.27832800000,-0.48286600000
0,WaterBody,4,0.13337700000,0.31824600000,-0.27471300000,-0.31316200000
0,WaterBody,4,0.19427300000,0.33651400000,-0.27722500000,-0.51649200000
0,WaterBody,4,0.18571400000,0.36631500000,-0.30941200000,-0.55241400000
0,WaterBody,4,0.18422600000,0.34859600000,-0.31397300000,-0.50723800000
0,WaterBody,4,0.18145900000,0.22475800000,-0.09147150000,-0.11727500000
0,WaterBody,4,0.17737000000,0.27061200000,-0.10290900000,-0.14282600000
0,WaterBody,4,0.15865800000,0.18402900000,-0.01748400000,-0.00319489000
0,WaterBody,4,0.15975100000,0.16598000000,-0.02906720000,-0.00064949100
0,WaterBody,4,0.21932000000,0.34667000000,-0.31308400000,-0.59607900000
0,WaterBody,4,0.19315300000,0.33079400000,-0.25361900000,-0.48052300000
0,WaterBody,4,0.17144900000,0.33917000000,-0.30461200000,-0.46455900000
0,WaterBody,4,0.12872800000,0.35953200000,-0.28230200000,-0.37916700000
0,WaterBody,4,0.15977500000,0.36101300000,-0.28279200000,-0.44461400000
0,WaterBody,4,0.13124000000,0.32819200000,-0.28373200000,-0.28434500000
0,WaterBody,4,0.20444600000,0.35027400000,-0.31302300000,-0.56147000000
0,WaterBody,4,0.19460000000,0.35224300000,-0.28943400000,-0.53790200000
0,WaterBody,4,0.13970700000,0.15285300000,-0.26917300000,0.06008160000
0,WaterBody,4,0.18238800000,0.24086000000,-0.25444900000,-0.25216800000
0,WaterBody,4,0.17719700000,0.25168900000,-0.24088500000,-0.27388800000
0,WaterBody,4,0.19880300000,0.33489200000,-0.27085300000,-0.47093900000
0,WaterBody,4,0.17110000000,0.34725100000,-0.28842600000,-0.46943500000
0,WaterBody,4,0.16497600000,0.31303200000,-0.22328700000,-0.35989300000
0,WaterBody,4,0.16604800000,0.33621200000,-0.26078300000,-0.41768300000
0,WaterBody,4,0.15830900000,0.35394300000,-0.25017600000,-0.38649700000
0,WaterBody,4,0.18368700000,0.32104100000,-0.20831600000,-0.30957900000
0,WaterBody,4,0.18003900000,0.30997700000,-0.19513200000,-0.29968500000
0,WaterBody,4,0.16905500000,0.35205000000,-0.20063200000,-0.30519600000
0,WaterBody,4,0.16947500000,0.32373200000,-0.12564100000,-0.19974300000
0,WaterBody,4,0.21668000000,0.27293000000,-0.24983200000,-0.36620000000
0,WaterBody,4,0.18911800000,0.35266500000,-0.24568400000,-0.43323500000
0,WaterBody,4,0.14838900000,0.29473200000,-0.22289500000,-0.26070700000
0,WaterBody,4,0.18806500000,0.34441800000,-0.27303400000,-0.44919200000
0,Cloud,5,0.15750200000,-0.04293650000,0.08185050000,0.18334300000
0,Cloud,5,0.16942600000,0.02401690000,0.02258620000,0.05424610000
0,Cloud,5,0.17121000000,0.01033280000,0.05135440000,0.10100200000
0,Cloud,5,0.17339900000,-0.05573880000,0.09231260000,0.20750500000
0,Cloud,5,0.17755300000,-0.04411890000,0.12094400000,0.19220700000
0,Bareland,1,0.13641800000,-0.03394760000,0.07698610000,0.14587700000
0,Bareland,1,-0.01381700000,0.37669500000,-0.05935390000,-0.11219500000
0,Bareland,1,0.16405000000,-0.05119280000,0.12519700000,0.20514500000
0,Bareland,1,0.18661600000,-0.12735300000,0.18777300000,0.26797200000
0,Bareland,1,0.21353800000,-0.13755000000,0.12964400000,0.23322200000
0,Bareland,1,0.22175300000,-0.20125800000,0.21275700000,0.34203800000
0,Bareland,1,0.13430000000,0.07870040000,0.04006280000,0.06683390000
0,Bareland,1,0.14698100000,-0.02834570000,0.09841760000,0.18853500000
0,Bareland,1,0.00943395000,0.35867000000,-0.09212850000,-0.18819000000
0,Bareland,1,0.07313560000,0.15620300000,0.01442310000,0.07592700000
0,Bareland,1,0.17650100000,-0.11784700000,0.09776640000,0.17018400000
0,Bareland,1,0.11492000000,0.02943650000,0.08954520000,0.15898400000
0,Bareland,1,0.01458040000,0.23358100000,0.04147810000,0.10632800000
0,BuiltUp,2,0.18601000000,-0.09564110000,-0.02679610000,0.02550400000
0,BuiltUp,2,0.23723500000,-0.13606200000,0.00682335000,-0.12902200000
0,BuiltUp,2,0.21700700000,-0.20485300000,0.01790140000,0.08403430000
0,BuiltUp,2,0.22217400000,-0.34774100000,0.15160400000,0.34844100000
0,BuiltUp,2,0.17346400000,-0.21525300000,0.13205500000,0.47761400000
0,BuiltUp,2,0.20276300000,-0.30963900000,0.08932750000,0.39729900000
0,BuiltUp,2,0.19506700000,-0.26809300000,0.16354100000,0.40460400000
0,BuiltUp,2,0.23289000000,-0.36675700000,0.17027400000,0.43530200000
0,BuiltUp,2,0.24984500000,-0.36826800000,0.18994600000,0.36963400000
0,WaterBody,4,0.15833600000,0.09924940000,0.00134589000,-0.00397088000
0,Cloud,5,0.17633300000,0.00721887000,0.04857230000,0.11083200000
0,Cloud,5,0.16024200000,-0.03355040000,0.08225110000,0.18849100000
0,Cloud,5,0.13334600000,0.05250430000,0.04371740000,0.09135020000
0,Cloud,5,0.14707700000,0.06885870000,0.02950240000,0.05136360000
0,Cloud,5,0.12289200000,0.03614790000,0.18682300000,0.28369200000
0,Cloud,5,0.14662200000,-0.03575520000,0.14863300000,0.24643100000
0,Cloud,5,0.13036200000,0.00829111000,0.14698800000,0.26662500000
0,Cloud,5,0.15885600000,-0.07997150000,0.18891500000,0.31613400000
0,Cloud,5,0.14791000000,-0.08540010000,0.22853100000,0.37107300000
0,Cloud,5,0.14265300000,-0.03737790000,0.16881000000,0.31536600000
0,Cloud,5,0.16663000000,0.04346440000,0.02013420000,0.05205720000
0,Cloud,5,0.17006900000,0.04807940000,0.00755913000,0.02771640000
0,Cloud,5,0.14717300000,-0.06360920000,0.11537000000,0.24124000000
0,Cloud,5,0.12906000000,-0.09568840000,0.25443800000,0.42519800000
0,Cloud,5,0.12326700000,-0.01760420000,0.16475800000,0.27841400000
0,Vegetation,3,0.08523950000,-0.31906600000,0.59429200000,0.92746800000
0,Vegetation,3,0.07208660000,-0.29341300000,0.57622500000,0.89086500000
0,Vegetation,3,0.10533100000,-0.30105500000,0.55821500000,0.87255200000
0,Vegetation,3,0.09128260000,-0.31239900000,0.58342000000,0.91577900000
0,Vegetation,3,0.02887250000,-0.25338600000,0.57945400000,0.91062800000
0,Vegetation,3,0.06568330000,-0.31282100000,0.58931800000,0.92840000000
0,Vegetation,3,0.06232900000,-0.30971200000,0.60000000000,0.92933800000
0,Vegetation,3,0.08852920000,-0.31728700000,0.55223900000,0.91033100000
0,Vegetation,3,0.09995960000,-0.35551500000,0.61079100000,0.93649800000
0,Vegetation,3,0.06855180000,-0.31483800000,0.58035200000,0.93487600000
0,Vegetation,3,0.10946700000,-0.26754500000,0.51909600000,0.83170400000
0,Vegetation,3,0.09486950000,-0.30361000000,0.53019600000,0.87382600000
0,WaterBody,4,0.16563700000,0.14794300000,-0.00623330000,-0.01343790000
0,Cloud,5,0.14352600000,0.23031800000,-0.03088540000,-0.09182380000
0,Bareland,1,0.10430700000,0.12956200000,0.00813008000,0.01032830000
0,Bareland,1,0.10817200000,0.10352500000,0.03899720000,0.07132340000
0,Bareland,1,0.06641220000,0.11640400000,0.11521800000,0.11709000000
0,Bareland,1,0.16743500000,-0.12509100000,0.15270900000,0.27875400000
0,Bareland,1,0.16095000000,-0.12225600000,0.12500000000,0.26636200000
0,Bareland,1,0.12003300000,0.02830670000,0.05232070000,0.12612200000
0,Bareland,1,0.08405770000,0.07117650000,0.11374400000,0.16413000000
0,Bareland,1,0.15075500000,-0.11664300000,0.18142000000,0.33947000000
0,Bareland,1,0.10111000000,0.10125900000,0.18839900000,0.09395970000
0,Bareland,1,0.10941500000,-0.07852520000,0.10597700000,0.35147700000
0,BuiltUp,2,0.23926100000,-0.34860300000,0.08346580000,0.30991600000
0,BuiltUp,2,0.21927400000,-0.16145100000,0.01631700000,0.08190030000
0,BuiltUp,2,0.29013000000,-0.44550800000,0.11092500000,0.24619200000
0,BuiltUp,2,0.25477100000,-0.38617800000,0.16887400000,0.32318600000
0,BuiltUp,2,0.19281500000,-0.21181400000,0.11487800000,0.37810600000
0,BuiltUp,2,0.20201400000,-0.19954500000,0.05861090000,0.21862300000
0,BuiltUp,2,0.17789200000,-0.04666580000,0.08828670000,0.21144300000
0,BuiltUp,2,0.25506500000,-0.41498700000,0.19220300000,0.37916100000
0,BuiltUp,2,0.22492500000,-0.34298700000,0.12240700000,0.37267900000
0,BuiltUp,2,0.23357900000,-0.36180200000,0.15658800000,0.41833800000
0,BuiltUp,2,0.25790200000,-0.36141000000,0.12627400000,0.29359100000
0,Vegetation,3,0.05379890000,-0.28607900000,0.61033900000,0.92066200000
0,Vegetation,3,0.07806970000,-0.32223800000,0.61963200000,0.95396100000
0,Vegetation,3,0.06224650000,-0.30674400000,0.59527100000,0.94041400000
0,Vegetation,3,0.04934920000,-0.28321800000,0.62160500000,0.95377200000
0,WaterBody,4,0.15733400000,0.07928390000,-0.01279860000,-0.02759360000
0,WaterBody,4,0.16274400000,0.03342370000,-0.00229043000,0.01235980000
0,WaterBody,4,0.19577000000,0.20310100000,-0.11586300000,-0.17159900000
0,WaterBody,4,0.17854800000,0.15971100000,-0.06187050000,-0.07257480000
0,WaterBody,4,0.19076300000,0.16908200000,-0.07431420000,-0.11005700000
0,WaterBody,4,0.16334500000,0.29165300000,-0.10310600000,-0.15127600000
0,Bareland,1,0.21554800000,-0.11666000000,0.12826100000,0.24142700000
0,Bareland,1,0.24724000000,-0.38364600000,0.30298100000,0.48729500000
0,Bareland,1,0.21159600000,-0.30640500000,0.29437400000,0.52836700000
0,Bareland,1,0.25541600000,-0.38450200000,0.24943200000,0.46093100000
0,Bareland,1,0.19905000000,-0.15360500000,0.17025800000,0.27026200000
0,Bareland,1,0.26865200000,-0.23290400000,0.09800440000,0.18538800000
0,Bareland,1,0.14025100000,0.00810748000,0.11860500000,0.20259000000
0,Bareland,1,0.24869900000,-0.20478600000,0.11561900000,0.22217800000
0,Bareland,1,0.20545600000,-0.11917900000,0.09335440000,0.18933000000
0,Bareland,1,0.20195300000,-0.10253400000,0.06096260000,0.15615400000
0,Bareland,1,0.19041200000,-0.11736900000,0.16050200000,0.25662700000
0,Bareland,1,0.17696700000,-0.06901360000,0.12523100000,0.22381400000
0,Bareland,1,0.25092300000,-0.18572500000,0.11918300000,0.22171000000
0,Bareland,1,0.18497100000,-0.09629940000,0.12628800000,0.23605800000
0,Bareland,1,0.25228700000,-0.20630800000,0.14241500000,0.25853800000
0,Bareland,1,0.21849200000,-0.11788400000,0.12436200000,0.24328000000
0,Bareland,1,0.08812620000,0.08328510000,0.12800800000,0.22380800000
0,Bareland,1,0.16334200000,-0.01449280000,0.10175100000,0.17978800000
0,Bareland,1,0.10452500000,0.09607580000,0.04723350000,0.11937500000
0,Bareland,1,0.22193300000,-0.12903900000,0.13248200000,0.24325900000
0,Bareland,1,0.10796800000,0.06588790000,0.09144980000,0.17161500000
0,Bareland,1,0.20932600000,-0.12898500000,0.00388457000,0.02261150000
0,Bareland,1,0.23536600000,-0.19404800000,0.00828105000,0.03948650000
0,Bareland,1,0.22652800000,-0.20721300000,0.03774160000,0.07386070000
0,Bareland,1,0.24721300000,-0.26893400000,0.07720590000,0.13335800000
0,Bareland,1,0.10118000000,0.03735370000,0.08359350000,0.15099100000
0,Bareland,1,0.13190300000,-0.06204760000,0.12305000000,0.25902200000
0,Bareland,1,0.12981400000,-0.03599810000,0.12922000000,0.23238100000
0,Bareland,1,0.13492900000,-0.05186460000,0.13016100000,0.26404900000
0,Bareland,1,0.16882800000,-0.11235700000,0.19027400000,0.30341100000
0,Bareland,1,0.20720400000,-0.18001100000,0.17082000000,0.29252300000
0,Bareland,1,0.05885850000,0.17232700000,0.04789980000,0.06788580000
0,Bareland,1,0.08050170000,0.06687090000,0.10161200000,0.16443300000
0,Bareland,1,0.15163700000,-0.04655170000,0.12241400000,0.19956500000
0,Bareland,1,0.25183600000,-0.25787500000,0.00574907000,0.05675740000
0,Bareland,1,0.25589300000,-0.19896400000,0.00149254000,0.00256191000
0,Bareland,1,0.23168600000,-0.22186000000,0.03822350000,0.07011170000
0,Bareland,1,0.24125900000,-0.29411800000,0.16286000000,0.17220400000
0,Bareland,1,0.25997500000,-0.26518700000,0.01009420000,0.04125290000
0,Bareland,1,0.09771050000,0.16121600000,-0.02588240000,-0.06332360000
0,Bareland,1,0.08732210000,0.13960800000,-0.01635990000,0.00785634000
0,Bareland,1,0.12109700000,0.00415321000,0.09753400000,0.17989900000
0,Bareland,1,-0.01240630000,0.30583200000,0.01480050000,0.02324850000
0,Bareland,1,0.15429000000,-0.06729480000,0.12275300000,0.21696500000
0,Bareland,1,0.12749800000,0.00127226000,0.09894590000,0.19872500000
0,Bareland,1,0.12271700000,-0.06702170000,0.12581300000,0.25434100000
0,Bareland,1,0.07661040000,0.04332040000,0.09560520000,0.17951600000
0,BuiltUp,2,0.22578900000,-0.33494700000,0.26931100000,0.38627800000
0,BuiltUp,2,0.22733500000,-0.34620900000,0.22871300000,0.41657500000
0,BuiltUp,2,0.25583000000,-0.41184600000,0.20565600000,0.38744200000
0,BuiltUp,2,0.25565700000,-0.39340800000,0.20773200000,0.39472900000
0,BuiltUp,2,0.24848000000,-0.37601800000,0.26320400000,0.37229700000
0,BuiltUp,2,0.30518300000,-0.46519100000,0.21091600000,0.40412600000
0,BuiltUp,2,0.22645700000,-0.14964500000,0.01859710000,0.09377360000
0,BuiltUp,2,0.20190000000,-0.30360000000,0.09450020000,0.40735900000
0,BuiltUp,2,0.23918400000,-0.40926900000,0.22886800000,0.52481800000
0,BuiltUp,2,0.25245300000,-0.41096600000,0.19676300000,0.37930700000
0,BuiltUp,2,0.21811000000,-0.13880200000,-0.06512670000,-0.03599490000
0,BuiltUp,2,0.21304000000,-0.17092800000,0.01588470000,0.00567980000
0,BuiltUp,2,0.26291000000,-0.39445100000,0.12256300000,0.29377200000
0,BuiltUp,2,0.25441300000,-0.40728900000,0.17608500000,0.35716300000
0,BuiltUp,2,0.21727000000,-0.30120900000,0.04129150000,0.29436700000
0,BuiltUp,2,0.25553400000,-0.37921300000,0.14742800000,0.32156800000
0,BuiltUp,2,0.26337800000,-0.40648500000,0.11300100000,0.26107500000
0,BuiltUp,2,0.23828900000,-0.39390800000,0.16439600000,0.37776100000
0,BuiltUp,2,0.22117800000,-0.32412700000,0.09958310000,0.19684600000
0,BuiltUp,2,0.15609900000,-0.17987200000,0.01444350000,0.00955007000
0,BuiltUp,2,0.22239100000,-0.32509600000,0.06325300000,0.29614100000
0,BuiltUp,2,0.22924300000,-0.32134600000,0.12790700000,0.24253200000
0,BuiltUp,2,0.21026100000,-0.20733000000,0.16120700000,0.27956000000
0,BuiltUp,2,0.24596700000,-0.36970700000,0.17212800000,0.35815400000
0,BuiltUp,2,0.23533700000,-0.31293200000,0.11906900000,0.35090800000
0,BuiltUp,2,0.24200000000,-0.33727400000,0.11484000000,0.24055400000
0,BuiltUp,2,0.24542900000,-0.32129600000,0.12914300000,0.27420300000
0,BuiltUp,2,0.26610100000,-0.40458300000,0.20018300000,0.36260900000
0,BuiltUp,2,0.24748600000,-0.37454200000,0.15955200000,0.30754600000
0,BuiltUp,2,0.23343200000,-0.35194200000,0.12086400000,0.17883500000
0,BuiltUp,2,0.21884200000,-0.30561500000,0.19852900000,0.38974100000
0,BuiltUp,2,0.24536600000,-0.41174600000,0.19082700000,0.36920500000
0,BuiltUp,2,0.25506000000,-0.39222700000,0.17001200000,0.35081000000
0,BuiltUp,2,0.24833300000,-0.37746700000,0.14404400000,0.23546900000
0,BuiltUp,2,0.23552500000,-0.39956700000,0.24387100000,0.43089400000
0,BuiltUp,2,0.23466800000,-0.32671000000,0.19518200000,0.32477400000
0,BuiltUp,2,0.22577800000,-0.16190200000,0.08047300000,0.16680500000
0,BuiltUp,2,0.24962200000,-0.39900300000,0.23909500000,0.41516400000
0,BuiltUp,2,0.25217600000,-0.37178000000,0.17796000000,0.33293500000
0,BuiltUp,2,0.19978500000,-0.28212100000,0.30148300000,0.45924900000
0,BuiltUp,2,0.14882800000,-0.35179500000,0.35292200000,0.74563100000
0,BuiltUp,2,0.22557300000,-0.27712500000,0.16420200000,0.32147700000
0,BuiltUp,2,0.19455800000,-0.23553800000,0.12190600000,0.31754200000
0,BuiltUp,2,0.25680400000,-0.40707100000,0.19504900000,0.37768700000
0,BuiltUp,2,0.22652800000,-0.35485000000,0.21200800000,0.44550800000
0,BuiltUp,2,0.21321400000,-0.30379700000,0.12798000000,0.34645100000
0,BuiltUp,2,0.26372600000,-0.30574300000,0.05571850000,0.11333000000
0,BuiltUp,2,0.25786500000,-0.34940600000,0.10413200000,0.23741500000
0,BuiltUp,2,0.22506400000,-0.16671700000,0.05405410000,0.06972130000
0,BuiltUp,2,0.25565700000,-0.37502200000,0.07350690000,0.20279300000
0,BuiltUp,2,0.23663900000,-0.20793700000,-0.01195950000,0.04872220000
0,BuiltUp,2,0.20548300000,-0.33229300000,0.24498600000,0.48591700000
0,BuiltUp,2,0.23669600000,-0.37156600000,0.18148900000,0.38816600000
0,BuiltUp,2,0.20615300000,-0.36407500000,0.30242800000,0.55263900000
0,BuiltUp,2,0.20825200000,-0.29037700000,0.24479700000,0.41919900000
0,BuiltUp,2,0.16377800000,-0.32546700000,0.24457000000,0.63680600000
0,BuiltUp,2,0.19242100000,-0.32142200000,0.27194400000,0.53550400000
0,BuiltUp,2,0.24065100000,-0.37367800000,0.25182200000,0.44966600000
0,BuiltUp,2,0.20467700000,-0.26791600000,0.26042500000,0.37671300000
0,BuiltUp,2,0.22023700000,-0.26767900000,0.15167400000,0.30244900000
0,Vegetation,3,0.05413540000,-0.28578400000,0.61575700000,0.94370600000
0,Vegetation,3,0.04166670000,-0.29392500000,0.62038100000,0.97583800000
0,Vegetation,3,0.06921490000,-0.21365600000,0.51082300000,0.81179800000
0,Vegetation,3,0.06220220000,-0.20613300000,0.53670200000,0.80389500000
0,Vegetation,3,0.06653170000,-0.19771800000,0.49948800000,0.78574900000
0,Vegetation,3,0.04985950000,-0.19107000000,0.51436700000,0.81490000000
0,Vegetation,3,0.09610210000,-0.28207500000,0.49784200000,0.80594000000
0,Vegetation,3,0.07851240000,-0.31520800000,0.59579400000,0.94866300000
0,Vegetation,3,0.06720660000,-0.32097900000,0.63118600000,0.97345600000
0,Vegetation,3,0.05066670000,-0.29772200000,0.61492000000,0.94195500000
0,Vegetation,3,0.09272840000,-0.30591900000,0.56917700000,0.88615400000
0,Vegetation,3,0.06640410000,-0.28017600000,0.59675800000,0.91463100000
0,Vegetation,3,0.04756830000,-0.26577900000,0.58181500000,0.91309400000
0,Cloud,5,0.05552820000,0.37377900000,-0.03405570000,-0.07906010000
0,Cloud,5,0.09577970000,0.30443900000,-0.06724640000,-0.07258880000
0,Cloud,5,0.08724050000,0.31246000000,-0.00432666000,-0.07428600000
0,Cloud,5,0.12372400000,0.15163900000,-0.03681440000,0.01363240000
0,Cloud,5,0.12202600000,0.14790300000,0.03032790000,0.04366290000
0,Cloud,5,0.13024600000,0.12680500000,-0.00647549000,0.03392640000
0,Cloud,5,0.13108200000,0.12298400000,0.00562249000,0.03405500000
0,Cloud,5,0.11971100000,0.15918500000,0.01052630000,0.02138940000
0,Cloud,5,0.13018900000,0.05416790000,0.01731480000,0.09075280000
0,Cloud,5,0.15324000000,0.02215760000,0.03573090000,0.07575710000
0,Cloud,5,0.10634300000,0.21370500000,-0.00336700000,0.00464865000
0,Cloud,5,0.12139900000,0.18404100000,-0.00476397000,-0.03208740000
0,Cloud,5,0.12373300000,0.17531400000,0.01696190000,0.01782380000
0,Cloud,5,0.11383100000,0.17304900000,-0.00880759000,0.03859760000
0,Cloud,5,0.12812900000,0.11626000000,0.00306346000,0.03711780000
0,Cloud,5,0.11784800000,0.08709860000,0.03469000000,0.10898800000
0,Cloud,5,0.15171600000,0.06001410000,0.06535950000,0.09101420000
0,Cloud,5,0.11273900000,0.18720200000,-0.00356779000,0.00224812000
0,Cloud,5,0.12820200000,0.14482200000,-0.00432560000,0.02547450000
0,Cloud,5,0.15419100000,0.03233850000,0.02391360000,0.06582300000
0,Cloud,5,0.09603880000,0.20722200000,0.00068027200,0.03065110000
0,Cloud,5,0.14515500000,0.16245600000,0.01419700000,-0.01459870000
0,Cloud,5,0.12287600000,0.07631710000,0.10115200000,0.16279000000
0,Cloud,5,0.14486000000,0.03695000000,0.03550460000,0.08461140000
0,Cloud,5,0.15615400000,-0.07946050000,0.09602990000,0.20812100000
0,Cloud,5,0.14315700000,0.14762900000,0.03423280000,0.01966580000
0,Cloud,5,0.11284500000,0.11357700000,-0.00078308500,0.07259560000
0,Cloud,5,0.16389300000,-0.06871220000,0.07362480000,0.15880300000
0,Cloud,5,0.13662400000,-0.01843170000,0.15110500000,0.28461300000
0,Cloud,5,0.14308000000,0.08247650000,0.03181190000,0.06285020000
0,Cloud,5,0.12975700000,0.01297840000,0.08908330000,0.16333800000
0,Cloud,5,0.13784800000,0.15124300000,0.01262520000,0.01249690000
0,Cloud,5,0.14295600000,0.13403600000,0.01327970000,-0.00466309000
0,Cloud,5,0.13443200000,0.10183700000,0.00357285000,0.03765480000
0,Cloud,5,0.17183800000,0.00391485000,0.05194200000,0.07464300000
0,Cloud,5,0.16815100000,-0.03671710000,0.06516220000,0.12894700000
0,Cloud,5,0.14243800000,0.13956100000,0.02381850000,0.01165230000
0,Cloud,5,0.16305700000,0.01245770000,0.08585720000,0.13792700000
0,Bareland,1,0.06888280000,0.15392500000,0.06266820000,0.10211200000
0,Bareland,1,0.17909500000,-0.09455130000,0.14275200000,0.26532200000
0,Bareland,1,0.14992100000,-0.04966190000,0.13231600000,0.29623700000
0,Bareland,1,0.19559800000,-0.11871100000,0.10310800000,0.22887500000
0,Bareland,1,0.25665400000,-0.23809500000,0.20250500000,0.33187300000
0,Bareland,1,0.25554500000,-0.19425300000,0.16660100000,0.26962100000
0,Bareland,1,0.12769300000,0.00608305000,0.12272600000,0.22349100000
0,Bareland,1,0.16548800000,-0.07264960000,0.16731900000,0.28073600000
0,Bareland,1,0.22096800000,-0.15375300000,0.14308600000,0.25476900000
0,Bareland,1,0.25423800000,-0.21164200000,0.15517200000,0.27926800000
0,Bareland,1,0.25526600000,-0.20341200000,0.14098600000,0.24360100000
0,Bareland,1,0.13563200000,0.02493340000,0.08741110000,0.17323400000
0,Bareland,1,0.12399200000,0.04363180000,0.10422100000,0.19075300000
0,Bareland,1,0.15160100000,0.02558080000,0.05438600000,0.14184900000
0,Bareland,1,0.20347300000,-0.11002000000,0.13731800000,0.23748000000
0,Bareland,1,0.16602300000,-0.04502160000,0.12212300000,0.22550900000
0,Bareland,1,0.18249400000,-0.09318850000,0.13618700000,0.26698400000
0,Bareland,1,0.16790200000,-0.01848230000,0.07865170000,0.15554100000
0,Bareland,1,0.20294400000,-0.08204250000,0.10339900000,0.18054500000
0,Bareland,1,0.21280100000,-0.12992700000,0.13451300000,0.27003900000
0,Bareland,1,0.24121900000,-0.28168300000,0.15563000000,0.33802500000
0,Bareland,1,0.14399600000,-0.06556140000,0.23105000000,0.38985100000
0,Bareland,1,0.21159200000,-0.11830200000,0.12244900000,0.21367700000
0,Bareland,1,0.18232300000,-0.08984730000,0.13112000000,0.24014400000
0,Bareland,1,0.22833900000,-0.25995500000,0.21789600000,0.35453200000
0,Bareland,1,0.21075900000,-0.13735900000,0.16314300000,0.28890000000
0,Bareland,1,0.21463600000,-0.13635400000,0.13238300000,0.25177100000
0,Bareland,1,0.16945300000,-0.07328310000,0.13493500000,0.23977700000
0,Bareland,1,0.17472200000,-0.07716050000,0.11552200000,0.21522300000
0,Bareland,1,0.17950600000,-0.11976000000,0.15101700000,0.27827300000
0,Bareland,1,0.10828100000,0.04674490000,0.08700030000,0.19005000000
0,Bareland,1,0.12986500000,0.00974394000,0.11525800000,0.20947200000
0,Bareland,1,0.17592700000,-0.07495070000,0.14446000000,0.26240200000
0,Bareland,1,0.12015000000,-0.00923384000,0.16024800000,0.27862100000
0,Bareland,1,0.14147800000,-0.05578420000,0.14573200000,0.25378100000
0,Bareland,1,0.07362930000,0.07546250000,0.12837600000,0.23461200000
0,Bareland,1,0.11944500000,0.03529960000,0.11435000000,0.20872200000
0,Bareland,1,0.22554900000,-0.15580500000,0.12183000000,0.22224500000
0,Bareland,1,0.22279600000,-0.16286500000,0.13513500000,0.23599000000
0,Bareland,1,0.22178900000,-0.15946700000,0.11129500000,0.23109900000
0,Bareland,1,0.15823800000,-0.05598990000,0.13018600000,0.23324300000
0,Bareland,1,0.07582340000,0.04914410000,0.13974000000,0.26554100000
0,Bareland,1,0.15702500000,-0.04340500000,0.12287100000,0.23773000000
0,Bareland,1,0.12346500000,-0.00416450000,0.10879200000,0.18698000000
0,Bareland,1,0.08644070000,0.12321800000,0.04754870000,0.06281380000
0,Bareland,1,0.12881800000,-0.01838900000,0.10590200000,0.19446400000
0,Bareland,1,0.16400500000,-0.06911600000,0.10597900000,0.22045500000
0,BuiltUp,2,0.25288000000,-0.37123500000,0.18125700000,0.32600200000
0,BuiltUp,2,0.23994900000,-0.32704600000,0.27389000000,0.35878700000
0,BuiltUp,2,0.17853700000,-0.12114500000,0.10136500000,0.20970600000
0,BuiltUp,2,0.19795200000,-0.21287300000,0.08258530000,0.22973300000
0,BuiltUp,2,0.23549100000,-0.34036200000,0.19561100000,0.31256200000
0,BuiltUp,2,0.23641900000,-0.37377300000,0.22415600000,0.43044900000
0,BuiltUp,2,0.23750700000,-0.33579900000,0.18483000000,0.41002900000
0,BuiltUp,2,0.24531800000,-0.36934800000,0.21931400000,0.34296400000
0,BuiltUp,2,0.21544300000,-0.19253800000,0.04280950000,0.19714800000
0,BuiltUp,2,0.17174600000,-0.26468900000,0.26503300000,0.49740100000
0,BuiltUp,2,0.23432600000,-0.39519300000,0.31155400000,0.46694200000
0,BuiltUp,2,0.20645900000,-0.29606800000,0.41505900000,0.49591600000
0,BuiltUp,2,0.20367200000,-0.30909700000,0.38530100000,0.53514300000
0,BuiltUp,2,0.23826200000,-0.25300900000,0.16873700000,0.26968800000
0,BuiltUp,2,0.18997400000,-0.24434000000,0.27500800000,0.46308100000
0,Vegetation,3,0.06583310000,-0.27120900000,0.57679000000,0.89814100000
0,Vegetation,3,0.08517840000,-0.26929800000,0.51402800000,0.85701200000
0,Vegetation,3,0.06802280000,-0.29623200000,0.59269000000,0.92326600000
0,Vegetation,3,0.12132900000,-0.33852500000,0.55102000000,0.87742200000
0,Vegetation,3,0.10905500000,-0.31742500000,0.57608500000,0.87310400000
0,Vegetation,3,0.12920600000,-0.32494500000,0.56745500000,0.85753900000
0,Vegetation,3,0.14576100000,-0.35356900000,0.54547000000,0.84653800000
0,Vegetation,3,0.10144800000,-0.31926500000,0.57819700000,0.91307200000
0,Vegetation,3,0.09014570000,-0.32142100000,0.60648600000,0.93719100000
0,WaterBody,4,0.13876700000,0.06772300000,0.01714290000,0.11481200000
0,WaterBody,4,0.07865860000,0.06248460000,0.38759400000,0.30275200000
0,WaterBody,4,0.12275600000,0.06709420000,0.02606430000,0.17670300000
0,WaterBody,4,0.10381600000,0.14097500000,0.16952500000,0.08732930000
0,WaterBody,4,0.16285300000,0.03596770000,-0.09082220000,0.12425300000
0,WaterBody,4,0.14779400000,0.13773400000,-0.04255320000,-0.08071750000
0,WaterBody,4,0.15635800000,0.14926200000,0.00512343000,-0.10585300000
0,WaterBody,4,0.13627400000,0.14944400000,0.01387020000,-0.03759050000
0,WaterBody,4,0.12459200000,0.14044400000,-0.07288910000,0.01339140000
0,Cloud,5,0.09246280000,0.24005000000,-0.03328400000,-0.03074090000
0,Cloud,5,0.11404700000,0.15232000000,-0.02787590000,0.03303440000
0,Cloud,5,0.15007300000,0.11606600000,-0.00108030000,0.01758600000
0,Cloud,5,0.11616200000,0.20329500000,-0.01532850000,-0.00597917000
0,Cloud,5,0.13697700000,0.04694700000,0.03986710000,0.11448800000
0,Cloud,5,0.10887100000,0.20534500000,-0.01740810000,-0.00974348000
0,Cloud,5,0.15764200000,0.02806010000,0.02538820000,0.07615420000
0,Cloud,5,0.18824100000,-0.08431840000,0.10672400000,0.18859500000
0,Cloud,5,0.16778800000,-0.03087800000,0.09588070000,0.16807200000
0,Cloud,5,0.16486100000,-0.05423300000,0.09383750000,0.19633500000
0,Cloud,5,0.16283400000,-0.04015070000,0.12509800000,0.19910600000
0,Cloud,5,0.18305300000,-0.02339740000,0.03451580000,0.06892770000
0,Cloud,5,0.16184800000,-0.07649530000,0.05140470000,0.19637700000
0,Cloud,5,0.16043900000,-0.11656800000,0.15333800000,0.32393700000
0,Cloud,5,0.18215200000,-0.03821160000,0.05675740000,0.09674940000
0,Cloud,5,0.18768500000,-0.05262550000,0.04180060000,0.09818210000
0,Cloud,5,0.18024800000,-0.03574310000,0.04811770000,0.10662400000
0,Cloud,5,0.18186200000,-0.02259260000,0.05442690000,0.08485970000
0,Cloud,5,0.17141500000,-0.02181770000,0.05461500000,0.11257700000
0,Cloud,5,0.16255700000,-0.06347040000,0.06792450000,0.21861200000
0,Cloud,5,0.17852500000,-0.06009340000,0.11930300000,0.18700800000
0,Cloud,5,0.17914100000,-0.05153170000,0.09956980000,0.16493100000
0,Cloud,5,0.12589000000,0.12223300000,0.00075815000,0.04690860000
0,Cloud,5,0.17061600000,-0.02676830000,0.06215810000,0.10825700000
0,Cloud,5,0.15944700000,0.03545010000,0.03713530000,0.08876910000
0,Cloud,5,0.16914700000,-0.02502450000,0.11434200000,0.19694300000
0,Cloud,5,0.15034400000,0.06466200000,0.01165300000,0.04959140000
0,Cloud,5,0.15446200000,0.06533520000,0.02374460000,0.04828030000
0,Cloud,5,0.14214800000,0.05738650000,0.02466460000,0.08918430000
0,Cloud,5,0.15794000000,0.01112670000,0.05790390000,0.10888000000
0,Cloud,5,0.13177000000,0.16456400000,-0.00899281000,-0.00257477000
0,Cloud,5,0.06550630000,0.29492200000,-0.05221310000,-0.03464540000
0,Cloud,5,0.12863800000,0.12663400000,-0.00766411000,0.03545960000
0,Cloud,5,0.10784400000,0.18088400000,-0.03604880000,0.01533910000
0,Cloud,5,0.16370500000,-0.01147300000,0.05605200000,0.13772900000
0,Cloud,5,0.15818900000,0.05689820000,0.02265100000,0.05073850000
0,Cloud,5,0.14549000000,0.07679010000,0.02674800000,0.06264740000
0,Cloud,5,0.15738200000,-0.04270990000,0.07784430000,0.18205800000
0,Cloud,5,0.11613200000,0.20901700000,-0.00705009000,-0.03107820000
0,Cloud,5,0.15931100000,-0.06796640000,0.14197300000,0.24837600000
0,Cloud,5,0.13633400000,0.02398140000,0.09531500000,0.14632100000
0,Cloud,5,0.13964700000,-0.03078110000,0.14703800000,0.25251900000
0,Cloud,5,0.15221700000,0.02499820000,0.02549250000,0.09451550000
0,Cloud,5,0.18167900000,-0.02179140000,0.07746100000,0.13397800000
0,Cloud,5,0.17877300000,-0.03407430000,0.10047500000,0.16809400000
0,Cloud,5,0.15378000000,-0.00599900000,0.04659500000,0.13989000000
0,Cloud,5,0.17022000000,-0.04286250000,0.13243300000,0.20062100000
0,Cloud,5,0.17288300000,0.05697100000,0.00643501000,0.01599100000
0,Cloud,5,0.16385300000,0.02777780000,0.02441450000,0.06134120000
0,Cloud,5,0.17630900000,0.04120290000,0.00704225000,0.00986487000
0,Cloud,5,0.17308200000,0.01601130000,0.00667939000,0.05290960000
0,Cloud,5,0.14096600000,0.08628190000,0.02979100000,0.07166170000
0,Cloud,5,0.15678800000,0.03622250000,0.02190920000,0.06488540000
0,Cloud,5,0.16930500000,0.04098010000,0.01526380000,0.03761340000
0,Cloud,5,0.10695900000,0.03205040000,0.00503271000,0.15599800000
0,Cloud,5,0.15988400000,-0.04338640000,0.10207800000,0.19402800000
0,Cloud,5,0.14745300000,0.10887100000,-0.01788490000,0.00163032000
0,Cloud,5,0.15450500000,0.07754310000,-0.01494890000,0.01782150000
0,Cloud,5,0.16346100000,0.05944610000,0.01507910000,0.03729650000
0,Cloud,5,0.14306200000,0.08926470000,-0.01947500000,0.01955450000
0,Cloud,5,0.16268100000,0.03595150000,0.02467110000,0.06540400000
0,Cloud,5,0.17037700000,0.01966770000,0.05381170000,0.05964660000
0,Cloud,5,0.15669300000,0.05514970000,0.01972820000,0.04006730000
0,Cloud,5,0.12961300000,0.13174400000,-0.00428850000,0.02104960000
0,Cloud,5,0.13449500000,0.14950900000,-0.00858811000,0.00057896400
0,Cloud,5,0.15357300000,0.01876960000,0.01319980000,0.09847360000
0,Cloud,5,0.12953200000,0.15992700000,-0.00810716000,-0.00409322000
0,Cloud,5,0.13121400000,0.09681210000,-0.00718850000,0.04165340000
0,Cloud,5,0.12641400000,0.13731800000,-0.02178500000,0.02528290000
0,Cloud,5,0.17344500000,0.02540520000,0.04670450000,0.06724300000
0,Cloud,5,0.15216300000,-0.01066230000,0.11732800000,0.19083200000
0,Cloud,5,0.17232500000,-0.12889100000,0.29669800000,0.42009800000
0,Vegetation,3,0.07594570000,-0.29199300000,0.56865200000,0.91424600000
0,Vegetation,3,0.07789720000,-0.31099000000,0.59078900000,0.93303700000
0,Vegetation,3,0.08803740000,-0.32157100000,0.60475800000,0.92685600000
0,Vegetation,3,0.07785260000,-0.28276200000,0.56392900000,0.90269000000
0,Vegetation,3,0.06750350000,-0.28169600000,0.60238600000,0.91792900000
0,Vegetation,3,0.08519760000,-0.33602900000,0.60368100000,0.94574800000
0,Vegetation,3,0.09399920000,-0.32094600000,0.61075500000,0.93945200000
0,Vegetation,3,0.06629420000,-0.30599100000,0.60941700000,0.95902500000
0,Vegetation,3,0.09740520000,-0.30506300000,0.57889600000,0.90260000000
0,Vegetation,3,0.08764840000,-0.30137000000,0.56636000000,0.89082300000
0,Cloud,5,0.13011600000,0.17589800000,-0.00052328600,-0.00200433000
0,Cloud,5,0.16598400000,-0.01594120000,0.06122450000,0.13170000000
0,Cloud,5,0.14286300000,0.07054810000,0.02477180000,0.06693840000
0,Cloud,5,0.13687300000,0.09976250000,0.00820734000,0.03979080000
0,Cloud,5,0.14289100000,0.08532140000,0.01861910000,0.04766270000
0,Cloud,5,0.14188700000,0.05326220000,0.15032700000,0.18551500000
0,Cloud,5,0.15411900000,0.01591460000,0.06721610000,0.13317100000
0,Cloud,5,0.15323300000,0.01512630000,0.05024630000,0.11514400000
0,Cloud,5,0.11089700000,0.20352300000,-0.00552486000,-0.00290557000
0,Cloud,5,0.13279500000,0.16074000000,-0.01120000000,-0.02240420000
0,Cloud,5,0.13920800000,0.17000300000,0.01100460000,-0.01039870000
0,Cloud,5,0.14725500000,0.13861100000,0.01231370000,0.00265481000
0,Cloud,5,0.16990700000,0.02074470000,0.01010920000,0.05908190000
0,Cloud,5,0.15722600000,0.01238890000,0.04215850000,0.10729700000
0,Cloud,5,0.17472000000,0.01960130000,0.04128640000,0.05669610000
0,Cloud,5,0.16992300000,0.00337859000,0.04374060000,0.10214100000
0,Bareland,1,0.20548400000,-0.11874600000,0.11429800000,0.24247600000
0,Bareland,1,0.14662400000,-0.00575144000,0.15319300000,0.22673500000
0,Bareland,1,0.26577100000,-0.21276600000,0.05549950000,0.09301190000
0,Bareland,1,0.27896100000,-0.21226200000,0.03786340000,0.07348380000
0,Bareland,1,0.26256100000,-0.20511000000,0.03721780000,0.08982040000
0,Bareland,1,0.25841300000,-0.19455900000,0.03268700000,0.08775250000
0,Bareland,1,0.25166600000,-0.19017300000,0.03396450000,0.08197200000
0,BuiltUp,2,0.23207300000,-0.36874500000,0.17680700000,0.36937200000
0,BuiltUp,2,0.27739000000,-0.42106100000,0.16015800000,0.24305100000
0,BuiltUp,2,0.20465500000,-0.20967500000,0.17850200000,0.29931200000
0,BuiltUp,2,0.26650100000,-0.37838800000,0.15469900000,0.26968900000
0,BuiltUp,2,0.27070600000,-0.42056700000,0.19531600000,0.32793500000
0,BuiltUp,2,0.25452400000,-0.38054000000,0.25309300000,0.35085500000
0,BuiltUp,2,0.25697800000,-0.23553800000,0.02617800000,0.13493600000
0,BuiltUp,2,0.21360300000,-0.30004900000,0.07604100000,0.20486100000
0,BuiltUp,2,0.23745100000,-0.35141700000,0.25174500000,0.39331800000
0,BuiltUp,2,0.24649800000,-0.34483900000,0.23363700000,0.32889100000
0,WaterBody,4,0.12667400000,0.41218200000,-0.24242400000,-0.38962700000
0,WaterBody,4,0.13744800000,0.39330300000,-0.23286900000,-0.35932000000
0,WaterBody,4,0.14523800000,0.24116200000,-0.03418120000,-0.04043610000
0,WaterBody,4,0.13767300000,0.36176500000,-0.16743300000,-0.25439600000
0,WaterBody,4,0.15923200000,0.21925400000,-0.09186700000,-0.04182990000
0,WaterBody,4,0.15122100000,0.21946900000,-0.07334880000,-0.03083980000
0,WaterBody,4,0.12553000000,0.20999400000,-0.04404570000,0.06703410000
0,WaterBody,4,0.13194600000,0.20665500000,-0.06101140000,0.06666670000
0,WaterBody,4,0.11709000000,0.16816100000,-0.01260630000,0.19208600000
0,WaterBody,4,0.11837300000,0.16342700000,-0.11147400000,0.19014900000
0,WaterBody,4,0.13189300000,0.19956800000,-0.00334821000,0.07353920000
0,WaterBody,4,0.18991700000,0.19172300000,-0.14234500000,-0.11510800000
0,WaterBody,4,0.12660100000,0.17914300000,-0.08311610000,0.15320700000
0,WaterBody,4,0.16220900000,0.36120400000,-0.23872400000,-0.27415600000
0,WaterBody,4,0.17883000000,0.36704700000,-0.23469400000,-0.29686400000
0,WaterBody,4,0.14342900000,0.33779000000,-0.15836600000,-0.07744410000
0,WaterBody,4,0.15113900000,0.36826400000,-0.23532600000,-0.27902100000
0,WaterBody,4,0.07561240000,0.38995500000,-0.10000000000,-0.21952200000
0,WaterBody,4,0.12539800000,0.38995500000,-0.16164500000,-0.30520800000
0,WaterBody,4,0.11996000000,0.41452900000,-0.22011200000,-0.36506400000
0,WaterBody,4,0.12539600000,0.39983400000,-0.20216700000,-0.33682800000
0,WaterBody,4,0.13828500000,0.38812800000,-0.18779200000,-0.31292700000
0,WaterBody,4,0.11547300000,0.40290200000,-0.19484800000,-0.35870000000
0,WaterBody,4,0.04207920000,0.37784100000,-0.04434430000,-0.11497700000
0,WaterBody,4,0.13192000000,0.38226800000,-0.17741900000,-0.30353500000
0,WaterBody,4,0.14061600000,0.25379300000,-0.04555980000,-0.06374350000
0,WaterBody,4,0.14471700000,0.29538800000,-0.07059270000,-0.10574200000
0,WaterBody,4,0.13976100000,0.28091400000,-0.04545450000,-0.05554470000
0,WaterBody,4,0.14334800000,0.35818700000,-0.16469800000,-0.27617800000
0,WaterBody,4,0.14404800000,0.34716900000,-0.17859400000,-0.27877600000
0,WaterBody,4,0.15379100000,0.34545500000,-0.20378500000,-0.30466200000
0,WaterBody,4,0.13731900000,0.37493000000,-0.20968700000,-0.31042100000
0,Bareland,1,0.04749820000,0.14082500000,0.10955900000,0.21272300000
0,Bareland,1,0.20122000000,-0.11551000000,0.13214200000,0.23273000000
0,Bareland,1,0.00018933400,0.27137300000,0.07857420000,0.09731770000
0,Bareland,1,0.09775280000,-0.00555926000,0.16027400000,0.29057000000
0,Bareland,1,0.02403390000,0.31375000000,-0.02668090000,-0.03180790000
0,Bareland,1,0.03842450000,0.16413500000,0.12704800000,0.20844000000
0,Bareland,1,0.19036900000,-0.10746400000,0.12941200000,0.25696200000
0,Bareland,1,0.03866500000,0.12752000000,0.12273400000,0.22358600000
0,Bareland,1,0.09292320000,0.09378810000,0.08747220000,0.14624600000
0,Bareland,1,-0.01413460000,0.34929200000,-0.00444444000,-0.00670737000
0,Bareland,1,-0.01034480000,0.29994800000,0.07039260000,0.09870010000
0,Bareland,1,0.17631800000,-0.10245600000,0.12678900000,0.26724900000
0,BuiltUp,2,0.27081700000,-0.37490000000,0.14997900000,0.25506000000
0,BuiltUp,2,0.26199500000,-0.39055700000,0.14728700000,0.27046500000
0,BuiltUp,2,0.25361600000,-0.38888000000,0.16214100000,0.26321700000
0,BuiltUp,2,0.23453000000,-0.30137600000,0.12950400000,0.21928800000
0,BuiltUp,2,0.22998100000,-0.34452200000,0.31488900000,0.37332400000
0,BuiltUp,2,0.24508800000,-0.36185200000,0.15717000000,0.31055100000
0,BuiltUp,2,0.26905600000,-0.38398600000,0.13017600000,0.25405100000
0,BuiltUp,2,0.22004100000,-0.24715900000,0.05293870000,0.14672400000
0,BuiltUp,2,0.26015700000,-0.40247300000,0.13241300000,0.29739300000
0,BuiltUp,2,0.23748800000,-0.32199400000,0.15389800000,0.25798900000
0,BuiltUp,2,0.20793300000,-0.26840000000,0.12037700000,0.37286100000
0,BuiltUp,2,0.23787700000,-0.28043700000,0.20744300000,0.27142500000
0,BuiltUp,2,0.20131800000,-0.17125800000,0.27727900000,0.24856100000
0,BuiltUp,2,0.21922300000,-0.30707900000,0.23171200000,0.38134000000
0,BuiltUp,2,0.20303700000,-0.21021000000,0.02310230000,0.14449700000
0,BuiltUp,2,0.26731700000,-0.46855200000,0.12702700000,0.21841100000
0,BuiltUp,2,0.24336800000,-0.42590000000,0.20628600000,0.28836500000
0,BuiltUp,2,0.20378700000,-0.36371800000,0.13146900000,0.32173400000
0,BuiltUp,2,0.24055000000,-0.35157900000,0.17774300000,0.29855000000
0,BuiltUp,2,0.15015200000,-0.26259700000,0.19710500000,0.51809300000
0,BuiltUp,2,0.23549300000,-0.34719200000,0.28444900000,0.37101600000
0,BuiltUp,2,0.21957100000,-0.18636900000,0.07405250000,0.11180000000
0,BuiltUp,2,0.24839700000,-0.32467500000,0.07221810000,0.12274800000
0,BuiltUp,2,0.21490200000,-0.14387800000,-0.00385505000,-0.06903100000
0,BuiltUp,2,0.22178400000,-0.24160200000,0.09493260000,0.17251700000
0,BuiltUp,2,0.26518100000,-0.41489500000,0.16915400000,0.30265400000
0,BuiltUp,2,0.24044700000,-0.32054500000,0.08753530000,0.21119800000
0,BuiltUp,2,0.23094700000,-0.29707100000,0.11024400000,0.23989700000
0,BuiltUp,2,0.25541800000,-0.33416700000,0.09674860000,0.21530600000
0,BuiltUp,2,0.25275500000,-0.39257800000,0.16513200000,0.32558100000
0,BuiltUp,2,0.21925200000,-0.23476600000,0.10887200000,0.22095100000
0,BuiltUp,2,0.22052900000,-0.16412200000,0.01374050000,0.05684850000
0,BuiltUp,2,0.20404800000,-0.18680100000,0.05827940000,0.17979100000
0,BuiltUp,2,0.22446700000,-0.17952200000,0.00474383000,0.03563160000
0,BuiltUp,2,0.25102300000,-0.30912100000,0.13698600000,0.21989800000
0,BuiltUp,2,0.24643100000,-0.33151400000,0.12174600000,0.21305800000
0,BuiltUp,2,0.23369500000,-0.31121500000,0.11626300000,0.20684500000
0,BuiltUp,2,0.24100500000,-0.36572600000,0.14016500000,0.32800200000
0,BuiltUp,2,0.22797900000,-0.26247800000,0.08056580000,0.21110200000
0,BuiltUp,2,0.20071600000,-0.21788800000,0.16862700000,0.24353700000
0,BuiltUp,2,0.24014400000,-0.28509100000,0.10593800000,0.21814900000
0,BuiltUp,2,0.25000000000,-0.33983400000,0.15224100000,0.25209400000
0,BuiltUp,2,0.26376900000,-0.37696500000,0.13090800000,0.27797500000
0,BuiltUp,2,0.24070100000,-0.33099400000,0.12344800000,0.26833000000
0,BuiltUp,2,0.23449100000,-0.29845700000,0.10015400000,0.27219300000
0,BuiltUp,2,0.23789400000,-0.32831900000,0.11281200000,0.25520700000
0,BuiltUp,2,0.20165300000,-0.19059000000,0.06796120000,0.15287600000
0,BuiltUp,2,0.23424900000,-0.35959600000,0.24525400000,0.36557300000
0,BuiltUp,2,0.22209800000,-0.37470100000,0.36793300000,0.49607000000
0,BuiltUp,2,0.21435400000,-0.21939400000,0.16265800000,0.25390600000
0,BuiltUp,2,0.10609500000,-0.24210900000,0.09367090000,0.60741600000
0,BuiltUp,2,0.16476400000,-0.21536200000,0.15918800000,0.50940800000
0,BuiltUp,2,0.22478400000,-0.17915400000,0.05947140000,0.04297060000
0,BuiltUp,2,0.24895900000,-0.40048700000,0.21621600000,0.44390100000
0,BuiltUp,2,0.21197300000,-0.33914900000,0.27481100000,0.48588100000
0,BuiltUp,2,0.15226900000,-0.16242900000,0.25640200000,0.50176000000
0,BuiltUp,2,0.23286900000,-0.35725100000,0.17412900000,0.38620600000
0,BuiltUp,2,0.22946200000,-0.30313100000,0.22515000000,0.36811400000
0,BuiltUp,2,0.22181200000,-0.32348900000,0.27960100000,0.45913100000
0,BuiltUp,2,0.20992400000,-0.24546800000,0.07816710000,0.21734800000
0,BuiltUp,2,0.22205700000,-0.31722200000,0.10552400000,0.31296000000
0,BuiltUp,2,0.22257100000,-0.35087100000,0.16802100000,0.36322900000
0,BuiltUp,2,0.22271500000,-0.33344700000,0.15681200000,0.35278400000
0,BuiltUp,2,0.23484800000,-0.32466000000,0.14900700000,0.26923400000
0,BuiltUp,2,0.23813300000,-0.36265200000,0.15574400000,0.28856200000
0,BuiltUp,2,0.22092300000,-0.27758300000,0.19724400000,0.32050600000
0,BuiltUp,2,0.23434200000,-0.31309100000,0.19291300000,0.32086600000
0,BuiltUp,2,0.21341800000,-0.33132600000,0.14373800000,0.41012200000
0,BuiltUp,2,0.20466200000,-0.10693900000,0.09023750000,0.09676140000
0,BuiltUp,2,0.27181100000,-0.37842800000,0.18910400000,0.27539600000
0,BuiltUp,2,0.21728300000,-0.30080200000,0.20713000000,0.35164700000
0,BuiltUp,2,0.21711300000,-0.31093900000,0.16598900000,0.29450900000
0,BuiltUp,2,0.21888200000,-0.37190600000,0.11826500000,0.42082600000
0,BuiltUp,2,0.22560600000,-0.30237900000,0.15112100000,0.30278800000
0,BuiltUp,2,0.22146000000,-0.21615100000,0.09247160000,0.18029700000
0,BuiltUp,2,0.19266100000,-0.23750200000,0.14264500000,0.31259800000
0,BuiltUp,2,0.16089100000,-0.16447800000,0.10966300000,0.43841600000
0,BuiltUp,2,0.23726700000,-0.33974300000,0.10009000000,0.29377300000
0,BuiltUp,2,0.24914800000,-0.32270200000,0.10492800000,0.16998000000
0,BuiltUp,2,0.22227100000,-0.29723800000,0.14674400000,0.32207400000
0,BuiltUp,2,0.26069000000,-0.37617000000,0.08832560000,0.25837500000
0,BuiltUp,2,0.22520200000,-0.22112100000,0.01574400000,0.13690700000
0,BuiltUp,2,0.17649900000,-0.29838200000,0.05432030000,0.46802900000
0,BuiltUp,2,0.19239500000,-0.20374200000,0.10020000000,0.35212700000
0,Vegetation,3,0.12276400000,-0.28691300000,0.51521800000,0.82738200000
0,Vegetation,3,0.04732830000,-0.21391300000,0.57239600000,0.86197900000
0,Vegetation,3,0.06774470000,-0.25075700000,0.54740700000,0.87310800000
0,WaterBody,4,0.02712160000,0.40435000000,-0.17489400000,-0.29170800000
0,WaterBody,4,0.07923980000,0.37174500000,-0.17439800000,-0.34879800000
0,WaterBody,4,0.07743320000,0.31971200000,-0.17143900000,-0.22716800000
0,WaterBody,4,0.06559910000,0.40843700000,-0.19838100000,-0.39574200000
0,WaterBody,4,0.11632300000,0.26914400000,-0.16434100000,-0.22062000000
0,WaterBody,4,0.13686100000,0.24420800000,-0.20456300000,-0.25444000000
0,WaterBody,4,0.13927500000,0.37136100000,-0.14805700000,-0.22249400000
0,WaterBody,4,0.13683900000,0.34312300000,-0.11096000000,-0.17689300000
0,WaterBody,4,0.13262300000,0.33639400000,-0.11902300000,-0.17536100000
0,WaterBody,4,-0.00108099000,0.27413500000,0.09971330000,0.07246720000
0,WaterBody,4,0.04935800000,0.35241200000,-0.12173900000,-0.24984900000
0,WaterBody,4,0.04454450000,0.35788500000,-0.12698400000,-0.25699700000
0,WaterBody,4,0.03555690000,0.16137000000,-0.09948360000,0.19341100000
0,WaterBody,4,0.06994140000,0.37368900000,-0.17213400000,-0.34811600000
0,WaterBody,4,0.11956500000,0.31475400000,-0.15298200000,-0.24834300000
0,WaterBody,4,0.06772570000,0.27418500000,-0.18503400000,-0.01685210000
0,WaterBody,4,0.13982100000,0.30563800000,-0.18603500000,-0.27306900000
0,WaterBody,4,0.15060200000,0.28736900000,-0.19640600000,-0.28049600000
0,WaterBody,4,0.15693100000,0.29037400000,-0.19831200000,-0.35589100000
0,WaterBody,4,0.13556800000,0.28913000000,-0.17842300000,-0.22841700000
0,WaterBody,4,0.14523200000,0.34850200000,-0.18727600000,-0.39446600000
0,WaterBody,4,0.13695400000,0.35850200000,-0.18960100000,-0.30619000000
0,WaterBody,4,0.13434600000,0.37261700000,-0.15009700000,-0.24375900000
0,WaterBody,4,0.10917000000,0.38765400000,-0.15761700000,-0.28724700000
0,WaterBody,4,0.13021600000,0.36869400000,-0.23042800000,-0.38899100000
0,WaterBody,4,0.13094200000,0.36133000000,-0.20770100000,-0.33475600000
0,WaterBody,4,0.14356900000,0.30870100000,-0.19232800000,-0.32404600000
0,WaterBody,4,0.15425700000,0.27879600000,-0.22108700000,-0.31518000000
0,WaterBody,4,0.12379900000,0.31917200000,-0.19403000000,-0.27080900000
0,WaterBody,4,0.13504700000,0.31261800000,-0.18308400000,-0.27941400000
0,WaterBody,4,0.13647000000,0.36054000000,-0.20819500000,-0.33798300000
0,WaterBody,4,0.14119900000,0.28622800000,-0.07095830000,-0.10834100000
0,WaterBody,4,0.13866000000,0.31913600000,-0.09684360000,-0.13585100000
0,WaterBody,4,0.14002400000,0.37891400000,-0.19395500000,-0.30663900000
0,WaterBody,4,0.13856100000,0.34581700000,-0.14416200000,-0.24041800000
0,WaterBody,4,0.14178200000,0.36960400000,-0.18027300000,-0.27575200000
0,WaterBody,4,0.13708000000,0.33698000000,-0.10846700000,-0.16351300000
0,WaterBody,4,0.12887200000,0.35239200000,-0.15514000000,-0.26742100000
0,WaterBody,4,0.11971000000,0.40963200000,-0.25781200000,-0.45557100000
0,WaterBody,4,0.11503700000,0.39839600000,-0.25731600000,-0.41712900000
0,WaterBody,4,0.10901100000,0.38893200000,-0.23197800000,-0.39065600000
0,WaterBody,4,0.14462800000,0.30871500000,-0.24804400000,-0.30964000000
0,WaterBody,4,0.12055600000,0.36390700000,-0.23273800000,-0.36417300000
0,WaterBody,4,0.11246100000,0.32142000000,-0.21587900000,-0.26422200000
0,WaterBody,4,0.10893300000,0.32712200000,-0.23615700000,-0.25716200000
0,WaterBody,4,0.15580200000,0.28809100000,-0.19174900000,-0.31025500000
0,WaterBody,4,0.12916000000,0.34524500000,-0.21477200000,-0.36936500000
0,WaterBody,4,0.10925800000,0.38244200000,-0.21482700000,-0.39584000000
0,WaterBody,4,0.10151100000,0.37272300000,-0.22226900000,-0.34621400000
0,WaterBody,4,0.10500100000,0.34917700000,-0.19353500000,-0.33097700000
0,WaterBody,4,0.13716300000,0.37167600000,-0.18595900000,-0.33877600000
0,WaterBody,4,0.10933900000,0.40472900000,-0.24528300000,-0.40671400000
0,WaterBody,4,0.08907890000,0.06541240000,-0.06860550000,0.25888100000
0,WaterBody,4,0.07867800000,0.35656700000,-0.15613400000,-0.27635000000
0,WaterBody,4,0.06149830000,0.31833100000,-0.17524200000,-0.15924900000
0,WaterBody,4,0.10182100000,0.34149100000,-0.11378800000,-0.19348200000
0,WaterBody,4,0.12703900000,0.34658600000,-0.14788700000,-0.25071400000
0,WaterBody,4,0.13954200000,0.36716800000,-0.19317500000,-0.30729200000
0,WaterBody,4,0.12545100000,0.37315900000,-0.20241400000,-0.32648200000
0,WaterBody,4,0.12178000000,0.30915300000,-0.12105800000,-0.26160700000
0,WaterBody,4,0.12872600000,0.28240000000,-0.14319000000,-0.22817900000
0,WaterBody,4,0.12287000000,0.16268300000,-0.08504580000,-0.03181190000
0,WaterBody,4,0.11342500000,0.21662800000,-0.16815900000,-0.05014020000
0,WaterBody,4,0.11672600000,0.29812300000,-0.15360800000,-0.21466800000
0,WaterBody,4,0.12293600000,0.28795500000,-0.15262400000,-0.20720500000
0,WaterBody,4,0.09585060000,0.25864700000,-0.14766400000,-0.07824950000
0,WaterBody,4,0.14082700000,0.27466100000,-0.13627500000,-0.20953800000
0,WaterBody,4,0.09534680000,0.27700000000,-0.16741600000,-0.08178400000
0,WaterBody,4,0.12996500000,0.32178600000,-0.17978400000,-0.28560500000
0,WaterBody,4,0.10149700000,0.30265600000,-0.17971900000,-0.15759700000
0,WaterBody,4,0.13345700000,0.31912600000,-0.17486100000,-0.27709300000
0,WaterBody,4,0.11361500000,0.31477500000,-0.14748500000,-0.22130800000
0,WaterBody,4,0.05623330000,0.22041100000,-0.17930300000,0.13849100000
0,WaterBody,4,0.08610150000,0.30682100000,-0.16686300000,-0.19644700000
0,WaterBody,4,0.06715860000,0.26913800000,-0.20475200000,-0.05511960000
0,WaterBody,4,0.09237800000,0.34175300000,-0.15478100000,-0.27286500000
0,WaterBody,4,0.07539130000,0.29446100000,-0.14343700000,-0.19389300000
0,WaterBody,4,0.10507900000,0.34347900000,-0.19051800000,-0.32470600000
0,WaterBody,4,0.10327700000,0.30992600000,-0.20090500000,-0.26072300000
0,WaterBody,4,0.11677500000,0.28248000000,-0.16333200000,-0.24014000000
0,WaterBody,4,0.13693000000,0.28602200000,-0.14417700000,-0.29864700000
0,WaterBody,4,0.12911600000,0.35849100000,-0.17061000000,-0.26574500000
0,WaterBody,4,0.15902400000,0.34878800000,-0.20865800000,-0.34328400000
0,WaterBody,4,0.13032100000,0.36092200000,-0.16717900000,-0.28593700000
0,WaterBody,4,0.13114800000,0.36175300000,-0.17275900000,-0.28934500000
0,WaterBody,4,0.13859000000,0.35544200000,-0.16725500000,-0.28160400000
0,WaterBody,4,0.12171600000,0.39368100000,-0.23042600000,-0.38418000000
0,WaterBody,4,0.14213000000,0.36975000000,-0.17586000000,-0.29144000000
0,WaterBody,4,0.09535540000,0.25022200000,-0.12045700000,-0.09036830000
0,WaterBody,4,0.09284160000,0.31395900000,-0.18507600000,-0.22382200000
0,WaterBody,4,0.12502800000,0.36227200000,-0.18168600000,-0.41953100000
0,WaterBody,4,0.12507500000,0.28416700000,-0.11168100000,-0.25723500000
0,WaterBody,4,0.09621750000,0.26062700000,-0.11561900000,-0.12639100000
0,WaterBody,4,0.13116200000,0.28839300000,-0.18400600000,-0.28471100000
0,WaterBody,4,0.13000600000,0.32110900000,-0.18423000000,-0.35560700000
0,Cloud,5,0.10393700000,-0.06536230000,0.06579950000,0.23962900000
0,Cloud,5,0.10288900000,0.07139670000,0.09900330000,0.14879100000
0,Cloud,5,0.08954460000,0.06448240000,0.14954800000,0.24346400000
0,Cloud,5,0.12413200000,0.17547500000,0.04768680000,0.02076480000
0,Cloud,5,0.11937600000,0.09152710000,0.08485760000,0.08959330000
0,Cloud,5,0.13602900000,0.17293100000,0.03060800000,-0.01836350000
0,Cloud,5,0.11455100000,0.15527200000,-0.03624050000,0.01922850000
0,Cloud,5,0.11650000000,0.19956200000,0.00930233000,-0.01494180000
0,Cloud,5,0.12233900000,0.23264000000,0.01772320000,-0.03886480000
0,Cloud,5,0.11263900000,0.26421100000,0.02375960000,-0.04755410000
0,Bareland,1,0.02685050000,0.28472900000,-0.00418702000,-0.00510067000
0,Bareland,1,0.02626480000,0.18559300000,0.09757830000,0.18509700000
0,Bareland,1,0.06541850000,0.09286740000,0.11953800000,0.24958300000
0,Bareland,1,0.06346560000,0.11089900000,0.14825200000,0.22869600000
0,Bareland,1,0.17480400000,-0.15076800000,0.16254300000,0.30923100000
0,Bareland,1,0.10826000000,-0.00783410000,0.15671100000,0.28127500000
0,Bareland,1,0.09157480000,0.04648330000,0.14858800000,0.23713700000
0,Cloud,5,0.14849300000,0.15142400000,-0.00420008000,-0.01654840000
0,Cloud,5,0.12075800000,0.08578210000,0.04514070000,0.09557450000
0,Cloud,5,0.12042500000,0.10400500000,0.05287590000,0.07585560000
0,Cloud,5,0.12819400000,0.20661100000,0.02087020000,-0.05102870000
0,Cloud,5,0.08386720000,0.26718700000,-0.01497400000,-0.01116100000
